tir_70_180,tight_80_140,tbr_70,tbr_54,tar_180,mean_glucose,sd_glucose,cv_glucose,rmse_110,total_insulin_u,safety_interventions,return,normality_rmse,cohort,method,seed_index,subject_seed,day_seed,runtime_s
100.0,85.46712802768167,0.0,0.0,0.0,113.18997361922602,20.53125053856736,18.13875370943632,20.74245866027002,0.0,0.0,-61.36375722652527,0.0,normal,Normal physiology,0,900000,1000000,0.0926726000002418
94.80968858131487,83.73702422145328,0.0,0.0,5.190311418685121,119.7934698902409,24.1232511752868,20.13736741859919,25.99672473265266,0.0,0.0,-97.93626817209152,0.0,normal,Normal physiology,1,900017,1000031,0.0957871609998619
94.80968858131487,82.35294117647058,0.0,0.0,5.190311418685121,116.52890620161983,26.35478207626677,22.616518883878804,27.10715371211557,0.0,0.0,-106.4612724406333,0.0,normal,Normal physiology,2,900034,1000062,0.091887904000032
96.53979238754326,83.73702422145328,0.0,0.0,3.460207612456748,116.50891688891276,24.33386730785968,20.885841150734567,25.14864171140533,0.0,0.0,-90.41909017400152,0.0,normal,Normal physiology,3,900051,1000093,0.0922655949998443
96.53979238754326,88.23529411764706,0.0,0.0,3.460207612456748,113.37571739229992,24.61877910790565,21.71433149368338,24.80690579698721,0.0,0.0,-92.1386338997912,0.0,normal,Normal physiology,4,900068,1000124,0.095251504999851
89.61937716262976,74.39446366782006,0.0,0.0,10.38062283737024,126.89228572747515,29.781798538539828,23.47014112623189,34.194090001521026,0.0,0.0,-169.67347510172414,0.0,normal,Normal physiology,5,900085,1000155,0.0938069870003346
95.8477508650519,82.69896193771626,0.0,0.0,4.1522491349480966,118.49619188238093,25.42453134346645,21.45599022178096,26.76481587509394,0.0,0.0,-103.283915006583,0.0,normal,Normal physiology,6,900102,1000186,0.1000806600000032
91.6955017301038,80.62283737024222,0.0,0.0,8.304498269896193,120.295989000204,33.514037091461624,27.859646335676903,35.004451127128235,0.0,0.0,-185.38955698336025,0.0,normal,Normal physiology,7,900119,1000217,0.0980174629999055
96.53979238754326,92.04152249134948,0.0,0.0,3.460207612456748,110.01822305320182,21.740697648713507,19.7609969015772,21.703059041302343,0.0,0.0,-68.83935577735957,0.0,normal,Normal physiology,8,900136,1000248,0.0925802540000404
99.65397923875432,89.61937716262976,0.0,0.0,0.3460207612456747,109.80607394713093,19.18176359819407,17.468763711039923,19.149530361673516,0.0,0.0,-52.32488287130295,0.0,normal,Normal physiology,9,900153,1000279,0.096163850999801
93.42560553633218,82.00692041522491,0.0,0.0,6.57439446366782,119.06121511420658,29.371343380689662,24.66911105561616,30.68870140492411,0.0,0.0,-140.3104023584519,0.0,normal,Normal physiology,10,900170,1000310,0.0946577720001187
99.30795847750863,83.39100346020761,0.0,0.0,0.6920415224913495,116.77980045301352,20.613608618810257,17.651690222834524,21.666015786865515,0.0,0.0,-66.94005977642587,0.0,normal,Normal physiology,11,900187,1000341,0.0960512839997136
98.2698961937716,81.31487889273356,0.0,0.0,1.7301038062283738,115.9460521899508,25.14033969334211,21.682790589674823,25.79157301156952,0.0,0.0,-94.94066488386858,0.0,normal,Normal physiology,12,900204,1000372,0.0985096040003554
96.88581314878893,93.77162629757784,0.0,0.0,3.1141868512110724,107.74323683473705,22.30496626643505,20.70196415265278,22.38041570171556,0.0,0.0,-73.77200343221588,0.0,normal,Normal physiology,13,900221,1000403,0.0959415409997745
91.6955017301038,80.27681660899654,0.0,0.0,8.304498269896193,121.5166463235659,32.569963396988136,26.802882059683537,34.4929711866516,0.0,0.0,-184.0698365881546,0.0,normal,Normal physiology,14,900238,1000434,0.0919692950001263
97.57785467128028,92.04152249134948,0.0,0.0,2.422145328719723,105.1629962562027,22.20938483779215,21.119011086071257,22.69243506641253,0.0,0.0,-73.97722747514251,0.0,normal,Normal physiology,15,900255,1000465,0.0961382630002845
98.2698961937716,75.77854671280276,0.0,0.0,1.7301038062283738,122.94201467491776,24.20886514930965,19.691287159497527,27.414174704387896,0.0,0.0,-107.26069538317994,0.0,normal,Normal physiology,16,900272,1000496,0.0947749460001432
100.0,91.6955017301038,0.0,0.0,0.0,108.75771695978712,16.22597231197598,14.9193756227666,16.245443472749805,0.0,0.0,-37.61233204910185,0.0,normal,Normal physiology,17,900289,1000527,0.0942940809995889
97.92387543252596,87.88927335640139,0.0,0.0,2.0761245674740483,116.30457566604385,20.269701805548205,17.42812068181263,21.194027977424323,0.0,0.0,-64.41969101160493,0.0,normal,Normal physiology,18,900306,1000558,0.0913085429997409
94.80968858131487,74.0484429065744,0.0,0.0,5.190311418685121,124.05181484064676,25.343965390286535,20.4301447929985,28.940413495564357,0.0,0.0,-119.69663995503176,0.0,normal,Normal physiology,19,900323,1000589,0.0904814320001605
99.65397923875432,87.19723183391004,0.0,0.0,0.3460207612456747,115.08492061247873,18.61764112345496,16.1773071783622,19.26846162447823,0.0,0.0,-52.97134745705324,0.0,normal,Normal physiology,20,900340,1000620,0.0951760120001381
100.0,87.88927335640139,0.0,0.0,0.0,112.865188257437,20.878576141618066,18.49868543522525,21.038438374847104,0.0,0.0,-63.06507820530644,0.0,normal,Normal physiology,21,900357,1000651,0.0952128979997724
100.0,95.15570934256056,0.0,0.0,0.0,106.35682461915157,15.099744839940255,14.197250523424575,15.50761380138046,0.0,0.0,-34.31083520599396,0.0,normal,Normal physiology,22,900374,1000682,0.0948921460003475
99.30795847750863,88.92733564013841,0.0,0.0,0.6920415224913495,110.42362275018208,22.356205365370908,20.24585392923458,22.32151345879061,0.0,0.0,-71.09108401533527,0.0,normal,Normal physiology,23,900391,1000713,0.0972516890001315
97.92387543252596,86.50519031141869,0.0,0.0,2.0761245674740483,107.81549214228504,23.9018318076221,22.169199743649685,23.96023435113217,0.0,0.0,-82.33492511989671,0.0,normal,Normal physiology,24,900408,1000744,0.091920582000057
100.0,92.04152249134948,0.0,0.0,0.0,105.85006801323313,19.91344002394014,18.812874094186327,20.307508481602063,0.0,0.0,-58.84108089478431,0.0,normal,Normal physiology,25,900425,1000775,0.0957932810001693
97.57785467128028,79.23875432525952,0.0,0.0,2.422145328719723,119.67594900504866,24.51316272255434,20.48294826684033,26.31425305514029,0.0,0.0,-99.14713863322828,0.0,normal,Normal physiology,26,900442,1000806,0.0954451030002019
88.23529411764706,72.31833910034602,0.0,0.0,11.76470588235294,130.1075950440871,43.348086525602646,33.317106899804045,47.71655957754897,0.0,0.0,-377.3388380254604,0.0,normal,Normal physiology,27,900459,1000837,0.0944621560001905
97.2318339100346,85.81314878892734,0.0,0.0,2.768166089965398,113.41627965404204,24.52376507599992,21.62279097040185,24.71851531203034,0.0,0.0,-88.15460314193882,0.0,normal,Normal physiology,28,900476,1000868,0.0967086320001726
100.0,95.15570934256056,0.0,0.0,0.0,104.65441644720072,14.14870759805886,13.519455822676186,15.101937138919252,0.0,0.0,-32.4863192910007,0.0,normal,Normal physiology,29,900493,1000899,0.0909574099996461
92.38754325259517,64.3598615916955,0.0,0.0,7.612456747404845,118.23036810101924,34.301421874815325,29.012361566452416,35.21725804972032,39.45004249557599,0.0,-180.10925304244807,19.14351812174598,t1d,Fixed PID,0,900000,1000000,0.1083287189999282
84.77508650519032,75.4325259515571,0.0,0.0,15.22491349480969,129.44339961855349,41.2808600362139,31.891050573348046,45.56598096957278,48.675699669934986,0.0,-330.3909839423093,23.334447075342755,t1d,Fixed PID,1,900017,1000031,0.1192745630000899
79.93079584775087,67.47404844290658,0.0,0.0,20.06920415224913,138.96708024199407,49.878450888956046,35.892278086363234,57.60506131574866,52.20246488199852,0.0,-554.041498995439,38.59914232843223,t1d,Fixed PID,2,900034,1000062,0.1127674079998541
86.159169550173,60.207612456747405,0.0,0.0,13.84083044982699,116.55562879194343,42.38905583136051,36.36808987322844,42.82044968446093,44.46456679161626,0.0,-276.61497331017955,23.007505677560506,t1d,Fixed PID,3,900051,1000093,0.11459098000023
80.62283737024222,69.20415224913495,0.0,0.0,19.377162629757784,136.19577648336042,55.763506747725614,40.943638773217366,61.5225782711941,53.30783588757643,0.0,-661.6475427196007,46.62382914173504,t1d,Fixed PID,4,900068,1000124,0.1155225950001295
76.8166089965398,65.7439446366782,0.0,0.0,23.18339100346021,141.7941318441633,48.41395326488393,34.14383418778751,57.85038696690428,62.45302412070741,0.0,-544.5941656987653,27.212233293913496,t1d,Fixed PID,5,900085,1000155,0.1192811040000378
84.77508650519032,71.280276816609,0.0,0.0,15.22491349480969,125.6167823463456,43.33551395570668,34.49818817697759,45.99296148048698,49.34848822126369,0.0,-333.0279692915642,24.270064206317954,t1d,Fixed PID,6,900102,1000186,0.1147063309999794
77.85467128027682,66.43598615916954,0.0,0.0,22.145328719723185,143.33258224715084,58.65671883398574,40.92350665450438,67.37778919213648,51.90201031817678,0.0,-798.2365753102702,38.23087274442703,t1d,Fixed PID,7,900119,1000217,0.1209030600002734
93.07958477508652,76.8166089965398,0.0,0.0,6.920415224913495,125.39400034439036,39.45793733066413,31.46716527289523,42.29085915471876,39.67528145970613,0.0,-300.55929987479493,25.49476762712109,t1d,Fixed PID,8,900136,1000248,0.1122835290002512
86.50519031141869,70.58823529411765,1.384083044982699,0.0,12.110726643598616,117.72718491660034,39.31252319511251,33.39290175243898,39.99795249936124,45.20399533663426,0.0,-245.1921489405427,26.52210281690336,t1d,Fixed PID,9,900153,1000279,0.1137807550003344
82.00692041522491,63.66782006920416,3.460207612456748,0.0,14.53287197231834,123.72292381266251,49.21084941803901,39.77504564356447,51.00634006663119,38.69897677810396,0.0,-430.1495423484748,24.04053122510057,t1d,Fixed PID,10,900170,1000310,0.1122821819999444
84.77508650519032,73.01038062283737,0.0,0.0,15.22491349480969,129.01323992086327,38.649231292074575,29.95756971593149,43.01276137819802,53.32976894530717,0.0,-282.84997265086906,26.137425759041125,t1d,Fixed PID,11,900187,1000341,0.130115453000144
85.46712802768167,73.70242214532871,0.0,0.0,14.53287197231834,123.10044130195656,39.05480229835428,31.72596449313748,41.12932491261256,47.71998696665688,0.0,-256.2615109604625,18.931369619524627,t1d,Fixed PID,12,900204,1000372,0.132913002999885
94.11764705882352,68.5121107266436,0.0,0.0,5.88235294117647,123.19435470782756,39.43954811665539,32.014087179718366,41.52332687946394,48.02373760623823,0.0,-278.0158530442846,27.10347742675541,t1d,Fixed PID,13,900221,1000403,0.1187499080001543
81.31487889273356,68.85813148788927,0.0,0.0,18.68512110726644,131.54095544085587,54.666015685199255,41.5581713710286,58.6689495411208,53.43165274054263,0.0,-587.7189242784864,31.049522922628984,t1d,Fixed PID,14,900238,1000434,0.112439471000016
85.12110726643598,76.8166089965398,0.0,0.0,14.878892733564014,126.93774669150072,46.81761729051545,36.88234470105824,49.71108688958612,38.07935842300644,0.0,-411.941604054852,36.74592969753768,t1d,Fixed PID,15,900255,1000465,0.1133795579999059
82.00692041522491,62.28373702422145,0.0,0.0,17.99307958477509,137.63868779411706,35.000504121026985,25.42926315410788,44.549898712288034,52.978609523348965,0.0,-294.7343718459513,20.53624411373489,t1d,Fixed PID,16,900272,1000496,0.1151348889998189
91.34948096885812,75.77854671280276,0.0,0.0,8.650519031141869,119.16707070195548,33.34117217275156,27.978511157784503,34.52278180423307,44.0058600704416,0.0,-175.2256449572283,22.698679126290727,t1d,Fixed PID,17,900289,1000527,0.1161685160000161
85.81314878892734,78.20069204152249,0.0,0.0,14.186851211072666,127.96016542387056,42.361827905031646,33.10548072887157,45.94434217941448,47.90389640286961,0.0,-338.7417947014572,30.31618308859186,t1d,Fixed PID,18,900306,1000558,0.111711428000035
77.50865051903114,55.36332179930796,0.0,0.0,22.491349480968857,145.74347430494458,42.29364478195694,29.019237385177437,55.31870289239952,67.15827584281746,0.0,-475.2356063128777,29.99297648020481,t1d,Fixed PID,19,900323,1000589,0.1106464049998976
89.27335640138409,71.62629757785467,0.0,0.0,10.726643598615915,120.85988392200608,36.330788690139855,30.06025449568115,37.85889680033249,50.7806122342918,0.0,-212.80591554316976,24.56609212554103,t1d,Fixed PID,20,900340,1000620,0.1188071279998439
86.85121107266436,67.82006920415225,0.0,0.0,13.14878892733564,129.8866500368887,37.93674838299748,29.207580896283936,42.77494368870521,54.395084763821146,0.0,-276.7346546262433,27.58126466454951,t1d,Fixed PID,21,900357,1000651,0.1208543030002147
95.50173010380622,77.85467128027682,0.0,0.0,4.498269896193772,114.75943345755287,32.97875976848347,28.737297470784075,33.26390665215828,45.724168274526576,0.0,-167.4320039426044,23.42226957690192,t1d,Fixed PID,22,900374,1000682,0.1136733660000572
88.23529411764706,73.35640138408304,0.0,0.0,11.76470588235294,127.398849247721,37.8707301736062,29.726116363867902,41.61669804592153,51.45195258956532,0.0,-266.6610231216608,25.70262295087522,t1d,Fixed PID,23,900391,1000713,0.1146173189999899
79.93079584775087,65.39792387543253,0.0,0.0,20.06920415224913,136.9542207236357,49.15167691691644,35.889128978435195,55.98265701791711,63.678836920122286,0.0,-514.4054663374445,46.8558621481887,t1d,Fixed PID,24,900408,1000744,0.1151620589998856
88.58131487889274,70.58823529411765,0.0,0.0,11.418685121107266,120.72766360751436,37.8584816016537,31.358580519483603,39.28597717351799,44.817340933330094,0.0,-234.2939705945891,26.93655406716,t1d,Fixed PID,25,900425,1000775,0.1163419330000579
85.46712802768167,72.66435986159169,0.0,0.0,14.53287197231834,127.96274581247198,38.04521478754811,29.731477349902264,42.01297618705244,52.29681425658121,0.0,-268.2016779989334,18.885388932725345,t1d,Fixed PID,26,900442,1000806,0.1166509720001158
77.50865051903114,66.08996539792388,0.0,0.0,22.491349480968857,142.10767834728222,60.59722443433348,42.64176653864276,68.48518565319097,51.58749066358645,0.0,-835.9303942215713,26.367944617438376,t1d,Fixed PID,27,900459,1000837,0.11510470300027
81.31487889273356,73.70242214532871,0.0,0.0,18.68512110726644,132.88030468280246,52.63181027425198,39.60843587760351,57.30646253458173,50.80938440884911,0.0,-558.6340036108331,38.483953940329485,t1d,Fixed PID,28,900476,1000868,0.117837867000162
92.38754325259517,76.8166089965398,0.0,0.0,7.612456747404845,114.20219665802408,31.69281012897733,27.7514890750138,31.91578167162865,42.6911609542938,0.0,-148.85863894803285,22.847185528069755,t1d,Fixed PID,29,900493,1000899,0.1165961320002679
87.19723183391004,68.85813148788927,0.0,0.0,12.802768166089963,133.81764900782397,32.40201239758582,24.213556760133603,40.168868205280894,30.20839317677954,0.0,-240.51405181841733,24.432011513011588,t1d,SL-LQG,0,900000,1000000,0.3883643409999422
82.35294117647058,58.82352941176471,0.0,0.0,17.647058823529413,145.54917241451668,39.69116253910629,27.269933508153425,53.23232920119985,37.27656101413136,0.0,-455.1809590504465,31.71299574006296,t1d,SL-LQG,1,900017,1000031,0.3106931699999222
74.39446366782006,53.28719723183391,0.0,0.0,25.60553633217993,154.11251240651902,49.698327169116496,32.24808056987737,66.38743123027064,41.425589514410994,0.0,-742.0970081224941,47.6337477642341,t1d,SL-LQG,2,900034,1000062,0.3432505330001731
83.39100346020761,68.85813148788927,0.0,0.0,16.608996539792386,135.8227251167033,38.194534754205,28.12087205685721,46.04984026980833,34.45620604847059,0.0,-326.7254609868771,26.09037855280506,t1d,SL-LQG,3,900051,1000093,0.3762403640002958
76.12456747404845,62.9757785467128,0.0,0.0,23.87543252595156,149.87954859718042,55.6130908994389,37.10518974733896,68.35563247205265,41.23248419004733,0.0,-830.4818592764452,54.14567701323381,t1d,SL-LQG,4,900068,1000124,0.3334110529999634
69.8961937716263,52.24913494809689,0.0,0.0,30.103806228373703,157.51362274194145,50.487598321007845,32.05284561559666,69.26558936038806,45.59713237301709,0.0,-796.5338616545499,39.04672121266627,t1d,SL-LQG,5,900085,1000155,0.3874697100000048
80.96885813148789,63.66782006920416,0.0,0.0,19.031141868512112,143.06397438520898,41.8527267502521,29.254553377330996,53.28054113242901,38.8910325294756,0.0,-456.07333763005295,31.3516959715452,t1d,SL-LQG,6,900102,1000186,0.3041877330001625
70.24221453287197,56.40138408304498,0.0,0.0,29.757785467128027,156.45409915897525,57.90953641639984,37.01375465883904,74.16126941032852,40.075551724237215,0.0,-968.8835774104992,46.229022258813394,t1d,SL-LQG,7,900119,1000217,0.3217047879998063
90.3114186851211,72.31833910034602,0.0,0.0,9.688581314878892,134.001288786228,37.221869595650006,27.77724746739561,44.23500236398236,30.50723709027604,0.0,-326.8900979612268,29.82299343709143,t1d,SL-LQG,8,900136,1000248,0.3532317539998075
87.5432525951557,71.62629757785467,0.0,0.0,12.45674740484429,131.76777775504996,34.117933097747304,25.89247058652755,40.42080788611379,38.75556296410726,0.0,-250.3209810359321,28.82188172561265,t1d,SL-LQG,9,900153,1000279,0.3283044300001165
85.12110726643598,77.50865051903114,0.0,0.0,14.878892733564014,136.4391157640287,42.53424334466296,31.17452286793318,50.01928251841777,30.57077782423445,0.0,-419.5283000519846,22.195313865767115,t1d,SL-LQG,10,900170,1000310,0.3316916069998115
78.89273356401384,60.207612456747405,0.0,0.0,21.10726643598616,144.66333132448275,38.17052240723795,26.38576207098446,51.51207465906988,39.73773365277701,0.0,-410.0434142709827,35.43634885486214,t1d,SL-LQG,11,900187,1000341,0.3109739229998922
82.35294117647058,64.01384083044984,0.0,0.0,17.647058823529413,137.9522753111247,38.64714032412416,28.014862558057125,47.64202954509898,34.35574196029256,0.0,-351.096223331103,26.16292016378974,t1d,SL-LQG,12,900204,1000372,0.3124678940002923
88.58131487889274,66.08996539792388,0.0,0.0,11.418685121107266,136.93208674586134,41.917407912951134,30.611822918281828,49.76270248690139,37.11811119842244,0.0,-417.05529423025774,37.59117933389219,t1d,SL-LQG,13,900221,1000403,0.3053354339999714
77.16262975778547,63.32179930795848,0.0,0.0,22.837370242214533,148.55967067138502,52.50008056775502,35.33938943893161,65.06588534249389,40.23225733654336,0.0,-737.9605517075165,38.24237055713497,t1d,SL-LQG,14,900238,1000434,0.2998271550000027
87.19723183391004,73.70242214532871,0.0,0.0,12.802768166089963,135.48073484536863,41.32491438123324,30.502428576579216,48.48821745896788,32.71703994050109,0.0,-392.4680663632083,38.51162398699901,t1d,SL-LQG,15,900255,1000465,0.3061341060001723
69.8961937716263,43.59861591695502,0.0,0.0,30.103806228373703,154.07317199532477,40.69014014397279,26.409620582879604,59.93665799956812,38.673707879852216,0.0,-551.043096977373,36.07987005809142,t1d,SL-LQG,16,900272,1000496,0.2918844089999766
90.65743944636678,73.35640138408304,0.0,0.0,9.342560553633218,131.2611836249861,29.794121362119803,22.69834884869069,36.56030643102277,35.8054454356532,0.0,-198.09060905454152,27.6157988954236,t1d,SL-LQG,17,900289,1000527,0.2951151829997798
83.73702422145328,65.7439446366782,0.0,0.0,16.26297577854671,142.73977947584908,39.52138540486052,27.687716451563777,51.26820094463648,37.20843720702533,0.0,-422.16458588494055,35.602544390885114,t1d,SL-LQG,18,900306,1000558,0.2837469099999907
62.629757785467135,44.636678200692046,0.0,0.0,37.37024221453287,160.68160041848583,47.6177366101628,29.634840881684767,69.48544895960096,49.03958371797259,0.0,-772.5619864179563,44.90301894758508,t1d,SL-LQG,19,900323,1000589,0.287669131000257
85.12110726643598,65.05190311418684,0.0,0.0,14.878892733564014,138.41325583403952,34.332749248049424,24.80452398953401,44.51934524403947,39.485842345310616,0.0,-301.316325694062,31.301354469614992,t1d,SL-LQG,20,900340,1000620,0.2852290939999875
80.27681660899654,57.09342560553633,0.0,0.0,19.72318339100346,144.4844360814981,41.45574914319012,28.692190153828424,53.86844000218959,40.57624572547765,0.0,-451.5749823367896,40.06627827453201,t1d,SL-LQG,21,900357,1000651,0.2922197780003444
93.07958477508652,78.89273356401384,0.0,0.0,6.920415224913495,126.33589063755664,30.06174627944012,23.795095857347352,34.16786345312308,36.06468498424893,0.0,-179.4181784233311,26.812382868127862,t1d,SL-LQG,22,900374,1000682,0.2866746629997578
84.42906574394463,56.74740484429066,0.0,0.0,15.570934256055365,140.51929976672372,39.82933741300234,28.344389332371485,50.122994586193485,38.757873553168025,0.0,-393.29617146997606,36.56380707610286,t1d,SL-LQG,23,900391,1000713,0.2846761419996255
72.31833910034602,54.67128027681662,0.0,0.0,27.68166089965398,150.62039788077342,51.97645560516003,34.508244790525,65.89552891273206,49.15826611080817,0.0,-723.1769580562686,57.729071420583125,t1d,SL-LQG,24,900408,1000744,0.2810311319999528
87.88927335640139,68.16608996539793,0.0,0.0,12.110726643598616,131.83827195438644,35.98127123184149,27.291977282810816,42.036677284536886,35.54579125179552,0.0,-272.2732048464401,32.94630132279095,t1d,SL-LQG,25,900425,1000775,0.2971240100000614
77.85467128027682,54.32525951557093,0.0,0.0,22.145328719723185,145.57775645304764,40.07101727525663,27.52550818996892,53.53416826022092,38.70402661674168,0.0,-442.1966965195165,30.898240595258137,t1d,SL-LQG,26,900442,1000806,0.2903111100004025
73.01038062283737,55.017301038062286,0.0,0.0,26.989619377162636,158.06730618231865,63.49014737335591,40.1665270996172,79.54568903677291,38.471672647181904,0.0,-1165.5077504242352,36.66680861411804,t1d,SL-LQG,27,900459,1000837,0.305620412999815
79.93079584775087,68.16608996539793,0.0,0.0,20.06920415224913,144.3162186400229,50.25730166365827,34.824430779341746,60.7837104200874,38.25869836243669,0.0,-634.2330539931042,43.3315912894014,t1d,SL-LQG,28,900476,1000868,0.2993543160000627
91.00346020761243,75.77854671280276,0.0,0.0,8.996539792387544,128.0889164710922,28.764627924849137,22.456765750954645,33.93743846783101,34.018431878710494,0.0,-168.70002843748114,28.800093981379263,t1d,SL-LQG,29,900493,1000899,0.3102944819997901
75.08650519031141,48.44290657439446,0.0,0.0,24.91349480968858,132.08525450165527,49.85429604509159,37.74402845585373,54.44822425624,33.32849896526545,0.0,-446.25076729299496,41.78716404125921,t1d,Direct PPO,0,900000,1000000,0.1298695519999455
69.8961937716263,49.13494809688581,0.0,0.0,30.103806228373703,157.30942075962443,60.17277364664326,38.251220655493896,76.46185578655731,34.81626317711647,0.0,-1013.2136684532448,60.0097709051118,t1d,Direct PPO,1,900017,1000031,0.1375060909999774
51.903114186851205,39.44636678200692,0.0,0.0,48.09688581314879,179.2312056788253,75.50361823709694,42.12637969550694,102.3427098901104,34.51583975556147,0.0,-1894.6916822427568,89.7341526741915,t1d,Direct PPO,2,900034,1000062,0.1215803029999733
68.16608996539793,38.062283737024224,0.0,0.0,31.83391003460208,146.21186986534664,60.00774916980075,41.04163993324529,69.99835365427914,34.59963498456786,0.0,-797.7857822527327,57.74467429857432,t1d,Direct PPO,3,900051,1000093,0.1196571519999452
65.39792387543253,53.97923875432527,0.0,0.0,34.602076124567475,165.94081032745098,77.46779206611866,46.68399046217232,95.4456257053243,35.370215323199474,0.0,-1710.3923031250586,86.36746599484543,t1d,Direct PPO,4,900068,1000124,0.1204046539996852
55.017301038062286,39.7923875432526,0.0,0.0,44.982698961937714,177.6294678919792,67.74798475429203,38.1400595060563,95.64336224362968,35.80998684120721,0.0,-1620.8690853828336,69.81325295223093,t1d,Direct PPO,5,900085,1000155,0.1200275529999999
63.66782006920416,49.82698961937716,0.0,0.0,36.332179930795846,161.98727143473252,68.13661830174522,42.062945871150525,85.61081000246112,34.83960400584051,0.0,-1295.6943062991209,69.67157688722239,t1d,Direct PPO,6,900102,1000186,0.1230697770001825
58.47750865051903,49.48096885813148,0.0,0.0,41.522491349480966,174.2377344270826,81.5570075179279,46.80789025758309,103.70639455364156,34.649840201490385,0.0,-2016.2918236473515,81.36474415391419,t1d,Direct PPO,7,900119,1000217,0.1226321809999717
88.92733564013841,68.16608996539793,0.0,0.0,11.072664359861593,134.76894028191563,48.86996423780099,36.26203792622591,54.712977304089485,33.70318032001721,0.0,-524.1260510137221,42.78818710153831,t1d,Direct PPO,8,900136,1000248,0.1202731990001666
64.70588235294117,55.36332179930796,0.0,0.0,35.294117647058826,149.68040675859487,58.92390938694715,39.36648133377928,70.95454772863737,34.79569229949369,0.0,-830.4103257528868,66.10989941471551,t1d,Direct PPO,9,900153,1000279,0.1247779159998572
76.12456747404845,65.7439446366782,0.0,0.0,23.87543252595156,136.3316253377635,54.88564330217686,40.25892243725321,60.789511324853976,33.55327982777871,0.0,-607.9820207985111,41.239547687928805,t1d,Direct PPO,10,900170,1000310,0.1274898040001062
64.3598615916955,49.82698961937716,0.0,0.0,35.6401384083045,156.51446821103437,51.8159225839678,33.106155089830054,69.5643249801472,35.27302644500456,0.0,-779.1048703213107,57.4366558423484,t1d,Direct PPO,11,900187,1000341,0.1289192240001284
74.0484429065744,60.553633217993074,0.0,0.0,25.951557093425603,141.81320451822603,50.05591979157549,35.29707967719059,59.23685684300759,34.83945674368847,0.0,-555.3459326272256,40.29788559872805,t1d,Direct PPO,12,900204,1000372,0.1313625970001339
74.0484429065744,51.903114186851205,0.0,0.0,25.951557093425603,149.51729751627553,60.64200548191208,40.55852164884867,72.293463615912,34.492937092774305,0.0,-929.4497401408872,64.0003488569287,t1d,Direct PPO,13,900221,1000403,0.124087215000145
62.629757785467135,47.05882352941176,0.0,0.0,37.37024221453287,167.65620648809042,71.8335368673053,42.84573674426306,92.01326152727351,35.90678859486627,0.0,-1559.2344979630127,74.3673287232882,t1d,Direct PPO,14,900238,1000434,0.1296223900003497
73.70242214532871,53.28719723183391,0.0,0.0,26.29757785467128,142.31982231280398,63.08967436104226,44.32950613329027,70.78916044631595,33.06333384601752,0.0,-870.870223968221,66.3692105101319,t1d,Direct PPO,15,900255,1000465,0.1220306810000693
54.32525951557093,42.56055363321799,0.0,0.0,45.674740484429066,165.07645411622187,60.47580879347104,36.63503018479736,81.71954569624415,34.794032023564974,0.0,-1112.4486659278828,59.28199271101864,t1d,Direct PPO,16,900272,1000496,0.1223967660002927
76.8166089965398,60.207612456747405,0.0,0.0,23.18339100346021,138.46390506318062,46.98044097036664,33.929738547334495,54.86090125979273,34.32755797046948,0.0,-469.951063163493,49.10141585421668,t1d,Direct PPO,17,900289,1000527,0.1256534990002364
67.82006920415225,55.36332179930796,0.0,0.0,32.17993079584775,153.04811799816449,57.364254010959584,37.4811887668214,71.64085247125401,34.886134938465084,0.0,-860.724041623769,60.94812208873157,t1d,Direct PPO,18,900306,1000558,0.1181573730000309
52.94117647058824,39.44636678200692,0.0,0.0,47.05882352941176,179.15642977353525,66.46033592928177,37.09626052120581,95.8347764436494,35.96302222437348,0.0,-1606.9381517891863,73.49526537367286,t1d,Direct PPO,19,900323,1000589,0.1264824310001131
70.93425605536332,48.09688581314879,0.0,0.0,29.06574394463668,152.0086956752779,49.02476900240447,32.251292457065446,64.49683812637316,35.33931649719057,0.0,-663.7289435518082,56.46928099451942,t1d,Direct PPO,20,900340,1000620,0.1211359109997829
65.05190311418684,47.75086505190311,0.0,0.0,34.94809688581315,158.30941533040922,60.78336958712856,38.39529661597636,77.56051497082247,34.84829260226801,0.0,-1015.685738973893,66.40427097539812,t1d,Direct PPO,21,900357,1000651,0.1204674880000311
85.81314878892734,68.5121107266436,0.0,0.0,14.186851211072666,131.79284543861826,39.40598253758167,29.899940627607723,44.97095121104066,34.63030051287581,0.0,-316.23621003372165,41.08141951104631,t1d,Direct PPO,22,900374,1000682,0.1206920120002905
71.97231833910035,50.51903114186851,0.0,0.0,28.027681660899656,151.3897524740742,55.711803846932966,36.80024766304689,69.32659581828321,34.62718795155739,0.0,-797.4537335218362,58.40870533748415,t1d,Direct PPO,23,900391,1000713,0.1213148470001215
50.51903114186851,43.59861591695502,0.0,0.0,49.48096885813148,176.13973879726163,71.40354657884345,40.53801093745776,97.23831425799372,35.531012935744926,0.0,-1680.1511700538783,93.0690953076175,t1d,Direct PPO,24,900408,1000744,0.1174636209998425
76.47058823529412,60.89965397923876,0.0,0.0,23.52941176470588,137.46965007172815,49.70453156244287,36.15673098499073,56.71484417686402,34.08799871625088,0.0,-505.7766736835167,50.987919537777216,t1d,Direct PPO,25,900425,1000775,0.1227444629998899
60.553633217993074,48.78892733564014,0.0,0.0,39.44636678200692,158.14196406106592,63.49615174141798,40.15136154303685,79.59559823591263,35.13098063255956,0.0,-1063.9810606535802,59.73656286206911,t1d,Direct PPO,26,900442,1000806,0.1246561550001388
57.09342560553633,44.29065743944637,0.0,0.0,42.90657439446367,176.58826655445944,86.4993471789535,48.98363230281627,109.04239798120808,35.06826547799361,0.0,-2290.1094389518857,75.13746181250895,t1d,Direct PPO,27,900459,1000837,0.1195220520003204
70.93425605536332,55.70934256055363,0.0,0.0,29.06574394463668,154.05838582569262,62.81153981071131,40.77125660772444,76.63406144842757,35.21466736348617,0.0,-1037.9401032642145,64.00749659987235,t1d,Direct PPO,28,900476,1000868,0.1335386519999701
77.16262975778547,63.32179930795848,0.0,0.0,22.837370242214533,132.93100403253322,47.45181821654509,35.696577003910875,52.62807933831704,34.27601333818544,0.0,-424.1334849631439,48.74193268974864,t1d,Direct PPO,29,900493,1000899,0.1188019209998856
89.61937716262976,62.28373702422145,3.1141868512110724,0.0,7.26643598615917,117.50067732866776,35.43407443048525,30.15648525273655,36.15922075624494,40.12004796649956,0.0,-190.73575888276568,20.340028223411352,t1d,PPO-PID,0,900000,1000000,0.1240645600000789
84.77508650519032,76.12456747404845,0.0,0.0,15.22491349480969,128.77466230905097,41.41037186115695,32.157235840211094,45.40234810111106,49.19782667726241,0.0,-326.71611785989523,23.524012830707147,t1d,PPO-PID,1,900017,1000031,0.1346136060001299
80.27681660899654,67.82006920415225,0.0,0.0,19.72318339100346,138.10993623972948,49.62064153371908,35.92836466710708,56.95486660967018,52.85019496978596,0.0,-538.5531011239507,38.1894241222753,t1d,PPO-PID,2,900034,1000062,0.1220573020000301
86.159169550173,55.017301038062286,0.3460207612456747,0.0,13.494809688581316,115.7108968631941,42.7833140292364,36.97431718969342,43.08935711879107,45.12631686561774,0.0,-279.36214182977176,23.847133624933758,t1d,PPO-PID,3,900051,1000093,0.1207980290000705
80.27681660899654,65.39792387543253,0.0,0.0,19.72318339100346,135.73004613303343,55.85886670375176,41.15438570543376,61.41214601930982,53.85028791880944,0.0,-656.105424319514,46.56592512204526,t1d,PPO-PID,4,900068,1000124,0.1228888579998965
76.47058823529412,65.7439446366782,0.0,0.0,23.52941176470588,141.1758168511308,48.31377254339689,34.222414023177585,57.42887153480334,63.166370365280855,0.0,-536.2839172840305,27.00783673989242,t1d,PPO-PID,5,900085,1000155,0.1221885859999929
84.77508650519032,68.16608996539793,0.0,0.0,15.22491349480969,124.5334888149638,43.29452454600206,34.7653670976251,45.59772236402135,50.053472193646144,0.0,-325.7859181130905,24.451142971324447,t1d,PPO-PID,6,900102,1000186,0.1233896429998822
77.50865051903114,65.39792387543253,0.0,0.0,22.491349480968857,142.74281025311598,58.87144246871105,41.24301767936219,67.2751500358838,52.52495716045191,0.0,-794.513788882805,38.22249597428226,t1d,PPO-PID,7,900119,1000217,0.1256475899999714
93.07958477508652,77.16262975778547,0.0,0.0,6.920415224913495,125.08188539862618,39.52689174015752,31.60081223127426,42.24254129851175,40.04147260043877,0.0,-299.00636404020605,25.48926000649284,t1d,PPO-PID,8,900136,1000248,0.1259034400000018
84.42906574394463,69.20415224913495,3.460207612456748,0.0,12.110726643598616,117.57312503769876,40.35070506809071,34.31966706264941,40.98655613217697,45.179612315261785,0.0,-259.4603572475274,27.484125790010676,t1d,PPO-PID,9,900153,1000279,0.1318992739998066
79.58477508650519,61.93771626297578,5.88235294117647,0.0,14.53287197231834,123.52449084320897,49.25005321874032,39.87067899049588,50.99104457305449,38.78138242865191,0.0,-429.2767585514573,24.363840912517503,t1d,PPO-PID,10,900170,1000310,0.1228726590002224
85.12110726643598,74.0484429065744,0.0,0.0,14.878892733564014,128.28290838714366,38.96057362841282,30.37082189533317,42.97602466978609,54.088682529411024,0.0,-282.1585127687483,26.30245633357228,t1d,PPO-PID,11,900187,1000341,0.1267535189999762
85.81314878892734,72.31833910034602,0.0,0.0,14.186851211072666,122.06047515019166,39.00230059244631,31.95325968087145,40.75991800327772,48.73944723281181,0.0,-250.7179890777125,19.040934312047227,t1d,PPO-PID,12,900204,1000372,0.126786753000033
94.11764705882352,68.5121107266436,0.0,0.0,5.88235294117647,122.23741888951484,39.08882153272676,31.97778707030576,40.89502921168011,48.945248073924176,0.0,-267.02734035029613,26.58769957763444,t1d,PPO-PID,13,900221,1000403,0.1280001670002093
81.66089965397923,62.629757785467135,0.0,0.0,18.33910034602076,130.67622639368028,54.58381740011644,41.77027368059674,58.28027231483083,54.33950119292221,0.0,-577.8381451814982,31.011753220236763,t1d,PPO-PID,14,900238,1000434,0.1211645439998392
85.12110726643598,71.97231833910035,0.0,0.0,14.878892733564014,126.60749820283785,47.228057667025325,37.30273351690535,49.985802694850086,38.278537730140805,0.0,-415.40726700680176,36.9671610353648,t1d,PPO-PID,15,900255,1000465,0.1220863339999596
82.35294117647058,63.66782006920416,0.0,0.0,17.647058823529413,136.5109411112541,35.14509574085761,25.745259284539657,43.97423997943693,54.0978087439504,0.0,-286.70263827114644,20.253252679934963,t1d,PPO-PID,16,900272,1000496,0.1297903639997457
91.00346020761243,73.35640138408304,0.0,0.0,8.996539792387544,118.8786983563762,33.92821713196348,28.540199044115543,35.013884024970515,44.19987545291071,0.0,-180.67296384366009,23.196053934304764,t1d,PPO-PID,17,900289,1000527,0.1270289789999878
85.46712802768167,78.20069204152249,0.0,0.0,14.53287197231834,127.42799861100612,42.96461058438363,33.71677421972216,46.29584755839669,48.32703339581606,0.0,-344.3570606670935,30.821099411600176,t1d,PPO-PID,18,900306,1000558,0.1214869929999622
77.16262975778547,56.05536332179931,0.0,0.0,22.837370242214533,144.9290944400567,41.86642650922728,28.887523703215724,54.46810317257948,68.31575033109237,0.0,-458.8778485512508,29.27736679682977,t1d,PPO-PID,19,900323,1000589,0.1213257629997315
88.92733564013841,69.8961937716263,0.0,0.0,11.072664359861593,119.99707244860892,36.4740495901272,30.39578286857616,37.75836916594432,51.50178192631902,0.0,-210.64620435225777,24.92263002267275,t1d,PPO-PID,20,900340,1000620,0.1249139239998839
86.50519031141869,66.08996539792388,0.0,0.0,13.494809688581316,129.21242128985315,38.16007988797822,29.53282626163037,42.66462355723217,55.15128911286121,0.0,-274.55077591349493,27.537343516271424,t1d,PPO-PID,21,900357,1000651,0.1254485890003707
95.50173010380622,77.16262975778547,0.0,0.0,4.498269896193772,114.48555543052696,33.02647635499499,28.8477233925256,33.27302410254581,45.92734933221082,0.0,-166.9584085111536,23.52586825933771,t1d,PPO-PID,22,900374,1000682,0.1248825970001235
88.58131487889274,69.8961937716263,0.0,0.0,11.418685121107266,126.66883598818768,37.78335497996528,29.828453609132964,41.237025558816974,52.29096623778831,0.0,-260.610102361547,25.446866120198948,t1d,PPO-PID,23,900391,1000713,0.1273540869997305
79.93079584775087,65.05190311418684,0.0,0.0,20.06920415224913,136.26885687746852,49.00697302121849,35.96344325782745,55.52860454893226,64.53833174919936,0.0,-504.0837562015573,46.41327354124932,t1d,PPO-PID,24,900408,1000744,0.1182105220000266
88.23529411764706,70.58823529411765,0.0,0.0,11.76470588235294,120.64411454169938,38.35270137470067,31.78994808026417,39.73835873509353,44.80214039313009,0.0,-239.9496139334028,27.370459067893204,t1d,PPO-PID,25,900425,1000775,0.1222012150001319
85.46712802768167,73.35640138408304,0.0,0.0,14.53287197231834,127.0404491850095,38.31678293785353,30.16108899461828,41.87448590567523,53.16851686503788,0.0,-265.7990223701735,19.152761253898596,t1d,PPO-PID,26,900442,1000806,0.1256756510001651
77.50865051903114,61.245674740484425,0.0,0.0,22.491349480968857,141.38175772527015,60.45741160088159,42.76181918629211,68.0240099916602,52.35696381812252,0.0,-821.1230458712405,26.267129179774045,t1d,PPO-PID,27,900459,1000837,0.1237356869996801
81.66089965397923,73.70242214532871,0.0,0.0,18.33910034602076,132.8835277187128,52.85286199086175,39.77382516720991,57.510129811686056,50.87752628832121,0.0,-562.9134414841055,38.72826568505683,t1d,PPO-PID,28,900476,1000868,0.1330760499999996
92.38754325259517,75.4325259515571,0.0,0.0,7.612456747404845,113.72161744910936,32.42870979814763,28.51587105913222,32.585776465537684,43.04510373940449,0.0,-155.5706601896219,23.41113382369645,t1d,PPO-PID,29,900493,1000899,0.1196063170000343
89.96539792387543,75.77854671280276,0.0,0.0,10.034602076124568,121.92172626347876,33.13000474419994,27.173175577094757,35.15575141019634,36.016386307393574,0.0,-182.63619829301535,18.59803145265484,t1d,ADMM-PID,0,900000,1000000,1.447272681999948
84.42906574394463,72.31833910034602,0.0,0.0,15.570934256055365,134.7762987296824,40.49109221296422,30.043184591510585,47.41012991098559,45.12419752206496,0.0,-364.8632989380138,23.772359237812765,t1d,ADMM-PID,1,900017,1000031,1.451472936999835
78.89273356401384,65.7439446366782,0.0,0.0,21.10726643598616,144.8978607743758,53.91519835207151,37.20910582387704,64.14554544370779,48.6237535089234,0.0,-714.621239446015,43.29669137013895,t1d,ADMM-PID,2,900034,1000062,1.4462185550000868
86.85121107266436,78.20069204152249,0.0,0.0,13.14878892733564,123.11778682789551,38.382573615749656,31.17549023960613,40.49939054848636,40.02299734162355,0.0,-252.114578408398,17.423741610704628,t1d,ADMM-PID,3,900051,1000093,1.4093223700001545
80.62283737024222,70.24221453287197,0.0,0.0,19.377162629757784,140.84760733258906,58.26013845205362,41.3639532508931,65.83368303988844,49.0827570623365,0.0,-788.7275046885546,50.35647442612513,t1d,ADMM-PID,4,900068,1000124,1.47805127599986
75.4325259515571,64.3598615916955,0.0,0.0,24.567474048442904,146.08375956045973,50.03351641110198,34.24988278070335,61.61759771514002,56.19029887548138,0.0,-629.7367047799042,29.836397647663446,t1d,ADMM-PID,5,900085,1000155,1.458898506999958
83.04498269896193,75.4325259515571,0.0,0.0,16.955017301038062,132.75147405391746,45.24731369566703,34.08422694974346,50.57533804275237,45.31780999931173,0.0,-420.3177365077258,26.32723353485884,t1d,ADMM-PID,6,900102,1000186,1.407310839999809
77.50865051903114,63.32179930795848,0.0,0.0,22.491349480968857,147.95946208186632,59.61290162130053,40.29002321481581,70.5855669967035,46.56247502044228,0.0,-895.4207401984614,40.605660607243664,t1d,ADMM-PID,7,900119,1000217,1.4012558220001663
92.38754325259517,77.85467128027682,0.0,0.0,7.612456747404845,127.26639959276874,38.73954418036593,30.43972667123924,42.35195300956725,36.17626803678496,0.0,-303.23055202700897,25.55128460410809,t1d,ADMM-PID,8,900136,1000248,1.4095610710000983
88.92733564013841,73.70242214532871,0.0,0.0,11.072664359861593,122.24067668594049,36.2651250118662,29.66698646886437,38.21573934469672,43.73754987405372,0.0,-220.6099518977419,25.06954107194439,t1d,ADMM-PID,9,900153,1000279,1.375452414999927
84.77508650519032,69.55017301038062,0.3460207612456747,0.0,14.878892733564014,127.70970712008088,49.11675819209233,38.45969057458537,52.13196776630888,36.89327102851454,0.0,-457.1873938267197,23.82575919647652,t1d,ADMM-PID,10,900170,1000310,1.373757716
84.08304498269896,70.58823529411765,0.0,0.0,15.91695501730104,134.591484918834,38.59560985182412,28.6761156362153,45.70785306791537,47.97285674969778,0.0,-325.4811960178145,27.78543337746108,t1d,ADMM-PID,11,900187,1000341,1.4174826689995823
84.42906574394463,73.35640138408304,0.0,0.0,15.570934256055365,128.59174105539236,40.215380950507786,31.27368882359603,44.24176292537993,42.9565928671571,0.0,-305.59925363105015,21.08073190057439,t1d,ADMM-PID,12,900204,1000372,1.4461970170000311
91.34948096885812,76.47058823529412,0.0,0.0,8.650519031141869,127.82101058467578,40.729471917188526,31.86445775298189,44.39299716748118,43.2941170127487,0.0,-333.9311652509498,29.65139392520052,t1d,ADMM-PID,13,900221,1000403,1.391996625000047
79.93079584775087,70.58823529411765,0.0,0.0,20.06920415224913,136.35715526251406,56.19020300277114,41.20810741071421,61.97671739356103,47.61616889381512,0.0,-675.3246821205718,32.30968029366015,t1d,ADMM-PID,14,900238,1000434,1.375375345000066
85.81314878892734,78.20069204152249,0.0,0.0,14.186851211072666,128.30448407528644,45.64212307311448,35.57328756049758,49.10243598463867,36.64529543856939,0.0,-406.5848866129405,35.960333121997735,t1d,ADMM-PID,15,900255,1000465,1.3871830870002668
82.00692041522491,61.5916955017301,0.0,0.0,17.99307958477509,141.72057968226605,34.27698930464261,24.186317457556804,46.65877979263681,48.93487112539131,0.0,-328.11555205560575,22.05607119855497,t1d,ADMM-PID,16,900272,1000496,1.3732656050001424
90.65743944636678,79.93079584775087,0.0,0.0,9.342560553633218,122.63696196317998,32.30033082329826,26.338169428068497,34.63226970621841,40.58757798399356,0.0,-179.98312302235664,22.842219673976015,t1d,ADMM-PID,17,900289,1000527,1.392260618000364
85.46712802768167,78.54671280276817,0.0,0.0,14.53287197231834,133.34849516239865,40.61253444188467,30.45593757351715,46.78485855477483,43.49286664250042,0.0,-354.2674074240904,30.419110753799,t1d,ADMM-PID,18,900306,1000558,1.3968745119996129
73.01038062283737,55.36332179930796,0.0,0.0,26.989619377162636,149.23851464894193,44.85292604763597,30.054524566359294,59.5355760298386,62.95028440127767,0.0,-564.5861799318761,33.3955334634026,t1d,ADMM-PID,19,900323,1000589,1.3934009929998863
87.88927335640139,73.35640138408304,0.0,0.0,12.110726643598616,126.64090866385456,36.795984582263166,29.05536999890886,40.325914664587465,47.28041095383358,0.0,-248.7735027030148,24.10713268161185,t1d,ADMM-PID,20,900340,1000620,1.4308819009997933
86.159169550173,67.1280276816609,0.0,0.0,13.84083044982699,133.97139425292403,37.66000530954227,28.110482479897243,44.58695115089616,49.81373310152939,0.0,-307.47931523851537,29.176100896896603,t1d,ADMM-PID,21,900357,1000651,1.4269758139998885
93.77162629757784,82.69896193771626,0.0,0.0,6.228373702422145,118.63530295128926,31.985286207071272,26.961018694582155,33.076985894762906,42.34284400001577,0.0,-167.39944081147542,22.91799346858698,t1d,ADMM-PID,22,900374,1000682,1.4044412579996788
86.85121107266436,72.66435986159169,0.0,0.0,13.14878892733564,131.54906414546724,38.75517529043989,29.46062409656091,44.284632452071065,46.73284244456452,0.0,-308.8402353307783,27.822311942480447,t1d,ADMM-PID,23,900391,1000713,1.396819875999881
78.20069204152249,64.3598615916955,0.0,0.0,21.79930795847751,140.88423392940348,51.35190816800385,36.44971955750285,59.8475542232805,59.7525678219067,0.0,-601.4681463381247,50.23508642503463,t1d,ADMM-PID,24,900408,1000744,1.4178087329996742
88.58131487889274,78.54671280276817,0.0,0.0,11.418685121107266,124.30316230391207,36.739590876347904,29.556441039305422,39.36632329717928,41.169253445795206,0.0,-239.4897095652435,27.24033507221129,t1d,ADMM-PID,25,900425,1000775,1.436160749999999
85.46712802768167,70.58823529411765,0.0,0.0,14.53287197231834,133.45667371616014,37.83553234538117,28.350423618268035,44.46110285749387,47.942357035536425,0.0,-308.766501348758,20.61166383710315,t1d,ADMM-PID,26,900442,1000806,1.4496738220000225
78.20069204152249,65.7439446366782,0.0,0.0,21.79930795847751,146.8878908549007,64.54510463719251,43.94174649900289,74.24534702847156,46.82854688772132,0.0,-1018.5584750310472,30.62082709147304,t1d,ADMM-PID,27,900459,1000837,1.415868312999919
80.62283737024222,73.70242214532871,0.0,0.0,19.377162629757784,137.52912741288904,53.29488472262232,38.75170716572698,59.90300001861044,44.81120116870074,0.0,-620.5258452764052,40.62982298411459,t1d,ADMM-PID,28,900476,1000868,1.4228298289999657
92.73356401384083,83.04498269896193,0.0,0.0,7.26643598615917,119.45375517115092,29.694795571942688,24.85882133164971,31.114357232120167,39.56644304495873,0.0,-143.36015960492654,23.190297265034214,t1d,ADMM-PID,29,900493,1000899,1.4276248979999764
96.53979238754326,81.31487889273356,0.0,0.0,3.4602076124567476,115.31276699672675,25.52200742697424,22.13285492290607,26.02584236724303,39.468400948216384,16.0,-97.37760939068349,12.796305429598458,t1d,RSP-ADMM-PID (proposed),0,900000,1000000,4.119807413000217
87.19723183391004,75.4325259515571,0.0,0.0,12.802768166089965,129.8342365939581,37.490048197729216,28.87531762132595,42.35607772779608,48.397391191097654,13.0,-285.6679601071389,18.707534124933108,t1d,RSP-ADMM-PID (proposed),1,900017,1000031,4.052366538000115
81.66089965397923,68.5121107266436,0.0,0.0,18.33910034602076,139.93618633175439,49.3913965034497,35.29565711213167,57.682268414217255,51.38411338805935,12.0,-564.7682945184744,36.53506019297695,t1d,RSP-ADMM-PID (proposed),2,900034,1000062,3.9713164339996183
88.92733564013841,80.27681660899654,0.0,0.0,11.072664359861593,117.60799350558104,33.30193207622171,28.31604475476523,34.10370669460026,42.36525273703283,11.0,-171.14687591320666,11.341897059873066,t1d,RSP-ADMM-PID (proposed),3,900051,1000093,3.9495397499999854
82.35294117647058,71.62629757785467,0.0,0.0,17.647058823529413,137.0901320518663,55.7594764380353,40.673588684661425,61.90505851110829,52.394097194637766,14.0,-691.1967718181511,46.01115715905088,t1d,RSP-ADMM-PID (proposed),4,900068,1000124,3.9507599099997606
77.85467128027682,66.78200692041523,0.0,0.0,22.145328719723185,137.83662057163812,45.97542503290496,33.35501468494728,53.67777168978652,66.12755965561574,62.0,-460.56455139462656,22.92103644976784,t1d,RSP-ADMM-PID (proposed),5,900085,1000155,4.241697255999952
85.12110726643598,76.8166089965398,0.0,0.0,14.878892733564014,128.90161103124956,41.52413487926773,32.21382149304639,45.55829673069066,47.558823506522316,8.0,-333.3713236461377,21.03579027751731,t1d,RSP-ADMM-PID (proposed),6,900102,1000186,4.013254079000035
78.54671280276817,68.5121107266436,0.0,0.0,21.453287197231834,144.03659207616423,55.978811561563326,38.864298824817126,65.43144460283945,50.257842354212414,20.0,-756.7557432432933,35.476748796851766,t1d,RSP-ADMM-PID (proposed),7,900119,1000217,4.095113846999993
93.07958477508652,80.27681660899654,0.0,0.0,6.920415224913495,123.30900079525414,37.04213428144336,30.04008956568321,39.30014497707943,39.778621273794975,9.0,-258.31001011406136,21.90723920775248,t1d,RSP-ADMM-PID (proposed),8,900136,1000248,3.9230774849997943
90.3114186851211,77.50865051903114,0.0,0.0,9.688581314878892,119.6449915707487,34.475255238911075,28.81462465440946,35.741523189103084,45.55599862089589,5.0,-192.51665940101833,22.00987979562113,t1d,RSP-ADMM-PID (proposed),9,900153,1000279,3.868734785000015
86.50519031141869,73.35640138408304,0.0,0.0,13.494809688581316,123.66518607919511,43.411547250229575,35.10409730223415,45.43983679499064,38.76617022193943,8.0,-332.74192203203967,18.682282938291852,t1d,RSP-ADMM-PID (proposed),10,900170,1000310,4.001008576999993
85.46712802768167,73.35640138408304,0.0,0.0,14.53287197231834,129.62881960401907,36.31699658760278,28.016143862561865,41.22682438039118,52.20646250284062,20.0,-259.44156236484633,22.53942987122528,t1d,RSP-ADMM-PID (proposed),11,900187,1000341,4.12528753100014
86.50519031141869,78.20069204152249,0.0,0.0,13.494809688581316,123.95856382102762,37.388180932435915,30.16183777864454,39.848219984733205,46.9098016666193,17.0,-241.7869435031525,16.79313670768107,t1d,RSP-ADMM-PID (proposed),12,900204,1000372,4.28501284999993
94.11764705882352,79.58477508650519,0.0,0.0,5.88235294117647,119.74456601339708,35.35343644189497,29.524042400337073,36.612801600434395,49.93670153288197,34.0,-217.73121860131846,21.669149771007195,t1d,RSP-ADMM-PID (proposed),13,900221,1000403,4.10080803899973
82.35294117647058,72.31833910034602,0.0,0.0,17.647058823529413,130.83011186122147,53.646300302943445,41.00455127627573,57.461821033588635,51.64677064946528,12.0,-571.2854266624506,28.23816648030802,t1d,RSP-ADMM-PID (proposed),14,900238,1000434,3.9299379010003577
89.61937716262976,80.27681660899654,0.0,0.0,10.380622837370241,126.15711587649379,40.48955420392432,32.094546488810884,43.52911341710916,37.20143475496926,4.0,-310.7120019948566,30.157677213073544,t1d,RSP-ADMM-PID (proposed),15,900255,1000465,3.96429370199985
89.27335640138409,68.16608996539793,0.0,0.0,10.726643598615917,131.66553127950723,29.96776533382494,22.760524370047637,36.9371724228875,58.189163624119146,80.0,-199.3003075325612,13.593072461116142,t1d,RSP-ADMM-PID (proposed),16,900272,1000496,4.445333722999749
92.73356401384083,82.35294117647058,0.0,0.0,7.26643598615917,120.75329950093075,28.33984099585037,23.469206318152764,30.265508155162774,41.587092562705074,6.0,-135.0605823102084,18.301746407679854,t1d,RSP-ADMM-PID (proposed),17,900289,1000527,3.9784156750001785
87.19723183391004,79.58477508650519,0.0,0.0,12.802768166089965,129.77270190655858,37.53416853730202,28.923007678708956,42.3662455288403,46.31782304409049,10.0,-286.1501712142939,25.27786361437857,t1d,RSP-ADMM-PID (proposed),18,900306,1000558,3.9320371510002587
79.58477508650519,59.515570934256054,0.0,0.0,20.415224913494807,140.83185990434615,40.11954800864411,28.487551066849186,50.54317207172984,74.19723630472427,43.0,-393.3556511368886,25.007799617254932,t1d,RSP-ADMM-PID (proposed),19,900323,1000589,4.220976526999948
90.65743944636678,76.8166089965398,0.0,0.0,9.342560553633218,122.22217243887562,33.55217500260361,27.451790729201242,35.65437733551837,50.129484155114554,11.0,-190.7481375716304,18.839898082695544,t1d,RSP-ADMM-PID (proposed),20,900340,1000620,3.964403559999937
88.58131487889274,71.62629757785467,0.0,0.0,11.418685121107266,126.73745153374624,37.24103612834516,29.384397175154675,40.770554471453586,57.34757228373425,35.0,-254.138100734539,24.4270763311466,t1d,RSP-ADMM-PID (proposed),21,900357,1000651,4.049790998999924
95.50173010380622,85.12110726643598,0.0,0.0,4.498269896193772,115.22288342693868,28.184602985410496,24.460942260034642,28.616457943460965,44.94120032223687,8.0,-122.32767160258516,17.800729332859593,t1d,RSP-ADMM-PID (proposed),22,900374,1000682,3.8814886940003817
88.23529411764706,77.16262975778547,0.0,0.0,11.76470588235294,124.7275676406957,35.909076521470524,28.790007855291673,38.75437033136577,53.807790468336044,38.0,-230.23893443689718,21.735473787721297,t1d,RSP-ADMM-PID (proposed),23,900391,1000713,4.173018200000115
80.62283737024222,66.78200692041523,0.0,0.0,19.377162629757784,135.42918856246663,48.65013475566037,35.92293158665757,54.820520793660904,65.34204652348312,23.0,-494.8049359426671,44.96371134845887,t1d,RSP-ADMM-PID (proposed),24,900408,1000744,4.056349284999669
90.65743944636678,80.96885813148789,0.0,0.0,9.342560553633218,121.77925659301863,33.61368362111766,27.602142237945525,35.56291599452569,43.609916588687874,6.0,-193.12354902976926,22.802816950098787,t1d,RSP-ADMM-PID (proposed),25,900425,1000775,3.912172724999891
88.92733564013841,75.77854671280276,0.0,0.0,11.072664359861593,125.53203384839915,33.87200091582185,26.982754821552508,37.21003335458858,53.85667020669283,30.0,-209.0458979135463,13.96926605384487,t1d,RSP-ADMM-PID (proposed),26,900442,1000806,4.064903160000085
80.27681660899654,67.1280276816609,0.0,0.0,19.72318339100346,141.3158876733271,61.86984256515647,43.78123619629939,69.24822733630648,51.8326315906136,15.0,-874.5120673610771,26.000105325289216,t1d,RSP-ADMM-PID (proposed),27,900459,1000837,4.006647221000094
81.31487889273356,74.74048442906575,0.0,0.0,18.685121107266436,135.3631752172713,49.66974859966857,36.6936934804785,55.6941465548681,46.692928484503234,8.0,-525.0264380727315,36.10933818387824,t1d,RSP-ADMM-PID (proposed),28,900476,1000868,3.9269890350001333
95.15570934256056,84.42906574394463,0.0,0.0,4.844290657439446,116.06430659962739,25.116888040755267,21.640492910019162,25.796336552071484,41.22457994925387,7.0,-96.44848700638241,17.09823601690834,t1d,RSP-ADMM-PID (proposed),29,900493,1000899,3.9528231369999958
95.15570934256056,76.47058823529412,0.0,0.0,4.844290657439446,122.27825751075012,27.837951762372413,22.766068415658477,30.38133757001271,29.26663215971995,0.0,-132.47294013935056,14.300912660246928,t2d,Fixed PID,0,900000,1000000,0.1104371140004332
86.50519031141869,74.0484429065744,0.0,0.0,13.494809688581316,134.19860436151166,35.52171019759445,26.469507910755983,42.93015591032938,42.08799943176196,0.0,-286.2164866428356,21.097850035179643,t2d,Fixed PID,1,900017,1000031,0.115589495000222
84.77508650519032,69.20415224913495,0.0,0.0,15.22491349480969,132.89886861669473,38.35306217539392,28.858832715883647,44.6119462054339,39.67839186691578,0.0,-310.3874778334872,24.49536095552888,t2d,Fixed PID,2,900034,1000062,0.1112938269998267
85.46712802768167,75.08650519031141,0.0,0.0,14.53287197231834,125.21755369618108,37.05266843704944,29.59063433466476,39.99654558766725,35.54526485807686,0.0,-239.83093786708048,19.98429775772274,t2d,Fixed PID,3,900051,1000093,0.1102902650000032
91.34948096885812,80.96885813148789,0.0,0.0,8.650519031141869,122.94822170380893,36.99375258528088,30.08888788517941,39.13385683726438,22.96512761133893,0.0,-248.9172727669307,18.715266272735317,t2d,Fixed PID,4,900068,1000124,0.1137863330000072
76.47058823529412,61.245674740484425,0.0,0.0,23.52941176470588,146.27237787681904,41.86955158509844,28.624373373049437,55.341474478624335,47.09230538554943,0.0,-483.1984302485788,24.82958108826775,t2d,Fixed PID,5,900085,1000155,0.1123546150001857
82.35294117647058,70.93425605536332,0.0,0.0,17.647058823529413,136.03091112207807,38.87606370399794,28.578845339872377,46.73036575899389,40.9588452738723,0.0,-339.9841739815564,25.37333012758907,t2d,Fixed PID,6,900102,1000186,0.1214407150000624
82.69896193771626,70.58823529411765,0.0,0.0,17.301038062283737,133.95116059855053,44.818792847218845,33.459055260849915,50.74871115169344,40.24365920340044,0.0,-420.7998125865606,20.41237862299633,t2d,Fixed PID,7,900119,1000217,0.1123057519998838
94.11764705882352,80.62283737024222,0.0,0.0,5.88235294117647,123.73107272660792,30.900017474451506,24.97353073364777,33.76462044178199,27.446971402109178,0.0,-182.47242786995952,17.741109728554303,t2d,Fixed PID,8,900136,1000248,0.1125508459999764
88.58131487889274,77.85467128027682,0.0,0.0,11.418685121107266,125.60609425841425,33.02929117337316,26.29593043902848,36.47888971755492,33.96015426399984,0.0,-199.74654627166768,25.061708622264607,t2d,Fixed PID,9,900153,1000279,0.1127402990000518
85.12110726643598,75.77854671280276,0.0,0.0,14.878892733564014,130.3637699465078,39.13900120065743,30.022912973993733,44.05955041633991,44.99050512896379,0.0,-306.49580840407856,18.607527551145512,t2d,Fixed PID,10,900170,1000310,0.1207961159998376
89.96539792387543,73.70242214532871,0.0,0.0,10.034602076124568,126.94681053746508,29.253174279094143,23.04364651245872,33.763612459882175,41.58832510911812,0.0,-166.08718125862626,16.40384488653286,t2d,Fixed PID,11,900187,1000341,0.1130683859996679
86.85121107266436,74.74048442906575,0.0,0.0,13.14878892733564,127.07419106203722,32.60688916671336,25.65972593978173,36.75674491726234,41.55413683891233,0.0,-198.57595346009188,14.70520363082075,t2d,Fixed PID,12,900204,1000372,0.1131124809999164
94.80968858131487,76.12456747404845,0.0,0.0,5.190311418685121,125.34044847316264,33.327480807434114,26.589565629781557,36.63614350812353,24.72036393187891,0.0,-212.88485420869472,22.71047027486105,t2d,Fixed PID,13,900221,1000403,0.1096887809999316
85.12110726643598,71.97231833910035,0.0,0.0,14.878892733564014,132.66388348270098,45.208110989203874,34.07718046720598,50.501020126345495,39.16792008369534,0.0,-421.7484955144344,21.780323991469853,t2d,Fixed PID,14,900238,1000434,0.1107423870003003
90.65743944636678,79.58477508650519,0.0,0.0,9.342560553633218,119.94211496963582,35.985465998112225,30.00236072810805,37.27356441637807,30.75106379409099,0.0,-215.65006330283865,24.16708879490702,t2d,Fixed PID,15,900255,1000465,0.1146094279997669
91.00346020761243,64.3598615916955,0.0,0.0,8.996539792387544,132.1949310722626,29.31917923545391,22.17874694410709,36.73220375227612,44.62471312879708,0.0,-195.40477270046352,11.851880790492409,t2d,Fixed PID,16,900272,1000496,0.1174040129999411
94.11764705882352,76.8166089965398,0.0,0.0,5.88235294117647,124.16449627704074,26.940238831071635,21.69721590217022,30.39569189534946,32.0971400210249,0.0,-133.52625959616478,20.775014055039588,t2d,Fixed PID,17,900289,1000527,0.1158426309998503
91.6955017301038,81.31487889273356,0.0,0.0,8.304498269896193,125.2645392862064,30.01640660532132,23.962413286604093,33.628458649153984,33.18913770661819,0.0,-169.5682826331107,16.867663817476643,t2d,Fixed PID,18,900306,1000558,0.1116109690001394
83.73702422145328,60.207612456747405,0.0,0.0,16.26297577854671,138.78227346839782,33.8817660319281,24.413612189198886,44.41194779378594,47.5361853842591,0.0,-293.51005354987154,18.403915769029545,t2d,Fixed PID,19,900323,1000589,0.1105151199999454
92.04152249134948,77.85467128027682,0.0,0.0,7.958477508650519,125.9513655221246,28.8730603812715,22.92397566440013,32.9426025567729,35.25009643421542,0.0,-158.46465035852194,19.177916378680987,t2d,Fixed PID,20,900340,1000620,0.1132507759998588
90.3114186851211,68.85813148788927,0.0,0.0,9.688581314878892,130.65257542846544,31.522848398403266,24.127230783646183,37.64014438567656,32.144482633740694,0.0,-209.77879903725915,22.708765212879275,t2d,Fixed PID,21,900357,1000651,0.1165437989998281
96.53979238754326,84.42906574394463,0.0,0.0,3.460207612456748,116.72949402605322,24.20761542569197,20.7382167015039,25.08519529267973,28.147977477071496,0.0,-92.60090789726522,16.10491040747958,t2d,Fixed PID,22,900374,1000682,0.1149211010001636
89.96539792387543,75.77854671280276,0.0,0.0,10.034602076124568,125.8975585353695,31.34460882328666,24.89691554620636,35.09725444128689,31.60931089657615,0.0,-184.0820055672786,19.447356177901096,t2d,Fixed PID,23,900391,1000713,0.1160239400001046
89.27335640138409,75.08650519031141,0.0,0.0,10.726643598615915,123.01024486539734,35.649203568796665,28.98067848560535,37.891090342260405,36.80097285948139,0.0,-217.70522238400824,24.274197015707045,t2d,Fixed PID,24,900408,1000744,0.1125803709996944
91.6955017301038,79.23875432525952,0.0,0.0,8.304498269896193,122.12929585115567,30.358457188327183,24.85763712690718,32.64301899432985,25.78150979657743,0.0,-157.41390870213868,21.659239772846565,t2d,Fixed PID,25,900425,1000775,0.117680953999752
84.77508650519032,64.70588235294117,0.0,0.0,15.22491349480969,134.12019612774236,34.69137580998614,25.865885087839008,42.20321179943858,43.49511096412798,0.0,-266.11915697428094,19.026736432927677,t2d,Fixed PID,26,900442,1000806,0.1160723019997931
78.89273356401384,63.66782006920416,0.0,0.0,21.10726643598616,144.62557296932331,54.23680437709468,37.50153120471917,64.26805270653735,40.67414246633262,0.0,-721.8517052156693,21.890718372382203,t2d,Fixed PID,27,900459,1000837,0.1174413579997235
86.85121107266436,78.20069204152249,0.0,0.0,13.14878892733564,126.16946983034724,36.90395655578005,29.24951385260052,40.23234147256184,31.096973207099985,0.0,-252.1758638072176,20.177098674238906,t2d,Fixed PID,28,900476,1000868,0.1132753639999464
93.77162629757784,79.58477508650519,0.0,0.0,6.228373702422145,122.09591814716212,25.46712388010846,20.858292616640103,28.153888407747957,22.74919995183264,0.0,-114.06440162219292,22.278887855800672,t2d,Fixed PID,29,900493,1000899,0.1119031939997512
89.27335640138409,63.66782006920416,0.0,0.0,10.726643598615915,135.9000046938592,30.220877062642284,22.23758353115631,39.76118007660751,14.647151614972902,0.0,-231.6634560934011,25.98185236988829,t2d,SL-LQG,0,900000,1000000,0.3210437900002034
82.69896193771626,58.13148788927336,0.0,0.0,17.301038062283737,144.74084341299474,37.83450002677232,26.139477382218683,51.31688300392041,18.235151420369576,0.0,-416.4161525159286,30.788828276541658,t2d,SL-LQG,1,900017,1000031,0.3113163120001445
80.27681660899654,58.82352941176471,0.0,0.0,19.72318339100346,144.48929508551328,41.45238048453348,28.688893845042752,53.86896740347064,17.394285055188064,0.0,-462.24825674741055,35.20074138079129,t2d,SL-LQG,2,900034,1000062,0.2994966579999527
80.96885813148789,64.70588235294117,0.0,0.0,19.031141868512112,141.17196760880708,38.41539228931533,27.2117708210782,49.41991050560492,15.85071118429962,0.0,-378.1767897709393,31.324665076814945,t2d,SL-LQG,3,900051,1000093,0.3186713720001535
90.3114186851211,71.62629757785467,0.0,0.0,9.688581314878892,134.87506251230846,36.05250915278484,26.730300235816205,43.74991006541119,11.983214593216244,0.0,-310.76839033729584,26.53874758214767,t2d,SL-LQG,4,900068,1000124,0.3374913150000793
71.62629757785467,51.55709342560554,0.0,0.0,28.37370242214533,155.43852336570842,44.68416599801127,28.74716320669135,63.67436837243599,19.243609424079064,0.0,-649.2561028149577,34.50824590685631,t2d,SL-LQG,5,900085,1000155,0.3265556559999822
78.54671280276817,60.207612456747405,0.0,0.0,21.453287197231838,145.87510517740208,41.289179252117336,28.304472652756356,54.643577349836086,18.899537690080383,0.0,-473.6200879471594,34.588934842291444,t2d,SL-LQG,6,900102,1000186,0.3354779810001673
78.89273356401384,58.47750865051903,0.0,0.0,21.10726643598616,146.9913372318511,47.80107315107796,32.51965323349687,60.37710864918997,18.44096576169513,0.0,-603.622354972352,32.73748122074564,t2d,SL-LQG,7,900119,1000217,0.3247351029999663
93.42560553633218,75.77854671280276,0.0,0.0,6.57439446366782,129.82431955996788,31.38685019063993,24.176402616261623,37.07734134854756,13.69655648427413,0.0,-219.2006093985688,23.450242537536685,t2d,SL-LQG,8,900136,1000248,0.3162185159999353
86.85121107266436,69.55017301038062,0.0,0.0,13.14878892733564,133.6787918195394,33.15910962208886,24.80506381809033,40.69898208581103,17.951146303624256,0.0,-250.0951330464653,30.81279859010229,t2d,SL-LQG,9,900153,1000279,0.3123188270001265
81.66089965397923,69.20415224913495,0.0,0.0,18.33910034602076,142.35881381277252,41.57471725030175,29.204175095881308,52.62669593796497,21.14386115994141,0.0,-451.5103644517925,28.93298233484705,t2d,SL-LQG,10,900170,1000310,0.3110199510001621
85.46712802768167,63.32179930795848,0.0,0.0,14.53287197231834,138.9295434652134,31.457105455587367,22.64248817852332,42.69711842845379,17.13739885742009,0.0,-270.03389440056645,26.838176627362238,t2d,SL-LQG,11,900187,1000341,0.296971998999652
83.39100346020761,62.9757785467128,0.0,0.0,16.608996539792386,138.18215660763448,35.60286575362211,25.765168693028688,45.35870331207713,19.931524840784345,0.0,-309.63301126048856,25.491426268755653,t2d,SL-LQG,12,900204,1000372,0.3420796870000231
94.11764705882352,71.280276816609,0.0,0.0,5.88235294117647,131.547292584238,34.5819500357932,26.28860644444522,40.69470462743938,13.15544024701189,0.0,-268.33664386345595,28.570919770586386,t2d,SL-LQG,13,900221,1000403,0.2973915329998817
79.23875432525952,62.9757785467128,0.0,0.0,20.761245674740483,147.84146903864277,45.66444258189105,30.88743833433858,59.24527599261279,16.996371101810993,0.0,-589.6905634932699,33.1380924981004,t2d,SL-LQG,14,900238,1000434,0.2996020489999864
89.61937716262976,76.12456747404845,0.0,0.0,10.38062283737024,127.81256690358644,36.03381404906551,28.19270039091469,40.14013499396713,14.768663128587024,0.0,-254.67253885724665,29.93565930555896,t2d,SL-LQG,15,900255,1000465,0.2952036350002345
79.23875432525952,46.02076124567474,0.0,0.0,20.761245674740483,147.9043336849408,36.245440778951966,24.506003222434565,52.40157157921326,18.920082896736517,0.0,-409.01769428610726,28.786786672086155,t2d,SL-LQG,16,900272,1000496,0.3014198970004145
90.65743944636678,73.35640138408304,0.0,0.0,9.342560553633218,129.70226034897357,27.424998962508244,21.144580586891276,33.729914068005506,16.53689227004993,0.0,-165.39650906648245,25.6451963477128,t2d,SL-LQG,17,900289,1000527,0.3014667769998596
87.19723183391004,68.16608996539793,0.0,0.0,12.802768166089963,137.58547516633394,31.304218397386062,22.75256044254732,41.68359011677646,15.146410270364644,0.0,-263.65449041231386,26.23950490165344,t2d,SL-LQG,18,900306,1000558,0.2852346019999459
73.70242214532871,50.17301038062284,0.0,0.0,26.29757785467128,150.9326741299526,38.88843326060969,25.76541725294475,56.41419276639409,18.95427776537721,0.0,-485.1837331068948,31.60306917018177,t2d,SL-LQG,19,900323,1000589,0.2848969500000748
87.88927335640139,65.7439446366782,0.0,0.0,12.110726643598616,137.52416001955197,29.91647935410486,21.75361721885929,40.61376922503492,15.495202794373744,0.0,-244.90728559730243,27.828116082546565,t2d,SL-LQG,20,900340,1000620,0.3312788580001324
85.46712802768167,61.5916955017301,0.0,0.0,14.53287197231834,138.30826411382927,34.42240931542439,24.88817970204178,44.52145631475016,12.8243361036811,0.0,-297.7691231818994,30.736166953827293,t2d,SL-LQG,21,900357,1000651,0.3059634129999722
96.19377162629758,81.66089965397923,0.0,0.0,3.8062283737024223,124.06393497992522,23.87984091770753,19.24801185902375,27.67793158905559,14.634030751147208,0.0,-113.000854128757,21.18822629655937,t2d,SL-LQG,22,900374,1000682,0.2953951139998025
87.5432525951557,61.245674740484425,0.0,0.0,12.45674740484429,134.42969979321114,33.91422583100882,25.22822403321437,41.74931259797014,14.776397325804282,0.0,-263.2663916560289,28.14150425506224,t2d,SL-LQG,23,900391,1000713,0.2898619669999789
86.159169550173,68.85813148788927,0.0,0.0,13.84083044982699,132.98194863324534,37.475425576342936,28.1808365432345,43.90578485245522,14.55318007059242,0.0,-298.07138257321674,32.42711260846519,t2d,SL-LQG,24,900408,1000744,0.2817614929999763
91.00346020761243,72.31833910034602,0.0,0.0,8.996539792387544,127.5522256578963,30.80135207598701,24.148031849007733,35.40510041936693,13.354418098389864,0.0,-186.746967123246,26.508143740244467,t2d,SL-LQG,25,900425,1000775,0.2875760340002671
77.16262975778547,53.63321799307958,0.0,0.0,22.837370242214533,146.1010900079514,38.92824017635017,26.644729463846943,53.04199239372792,19.29120986764505,0.0,-428.4708735564272,31.35106884067777,t2d,SL-LQG,26,900442,1000806,0.2923614440001074
72.31833910034602,49.82698961937716,0.0,0.0,27.68166089965398,159.1962874943219,58.28183199544092,36.61004468933968,76.19247408925389,19.22263702867352,0.0,-1035.3224965831903,35.68493921286556,t2d,SL-LQG,27,900459,1000837,0.2811634990002858
84.77508650519032,73.35640138408304,0.0,0.0,15.22491349480969,135.24065741698038,37.30157471924272,27.581627767626664,44.98537211843732,13.655464525261758,0.0,-319.05864895272896,27.310864040836503,t2d,SL-LQG,28,900476,1000868,0.2864895980001165
93.42560553633218,76.47058823529412,0.0,0.0,6.57439446366782,126.11870200844062,25.57579163232533,20.27914276394444,30.19387814088101,11.862018609149718,0.0,-131.29065462947966,25.72632079101095,t2d,SL-LQG,29,900493,1000899,0.2829306159997031
90.3114186851211,67.47404844290658,0.0,0.0,9.688581314878892,124.59821300231388,34.092933609429515,27.36229741015337,37.0326079062985,25.94228585298983,0.0,-197.77321929267129,21.977701698025506,t2d,Direct PPO,0,900000,1000000,0.1178967959999681
83.04498269896193,62.9757785467128,0.0,0.0,16.955017301038062,140.81819607156092,40.80070187617192,28.974026805057097,51.07541761468941,27.476457047150134,0.0,-415.8340186279571,30.852599288157432,t2d,Direct PPO,1,900017,1000031,0.1214041449998148
81.31487889273356,61.245674740484425,0.0,0.0,18.68512110726644,138.96412043309235,44.96715955895733,32.35882716978578,53.42255155122538,27.0424812455568,0.0,-456.2317014021444,35.38385406771409,t2d,Direct PPO,2,900034,1000062,0.1168036399999437
80.96885813148789,66.78200692041523,0.0,0.0,19.031141868512112,131.9164698160879,42.5082210008316,32.223588957538574,47.76010975364015,26.81243058281914,0.0,-347.6872956535582,30.73062865961659,t2d,Direct PPO,3,900051,1000093,0.1169556959998772
89.96539792387543,68.85813148788927,0.0,0.0,10.034602076124568,118.41202378183046,42.99999749861056,36.31387770032237,43.74201648135944,24.9482950126089,0.0,-305.8530872604366,27.738790315017944,t2d,Direct PPO,4,900068,1000124,0.1209760239999013
70.93425605536332,53.97923875432527,0.0,0.0,29.06574394463668,153.33729992422954,46.50809917406581,30.330584402521392,63.510947190714646,27.73717490787421,0.0,-647.3850849196274,34.54343930027744,t2d,Direct PPO,5,900085,1000155,0.1195010360002015
77.50865051903114,63.66782006920416,0.0,0.0,22.491349480968857,142.22386316314763,44.28961999601715,31.140779761559216,54.70978299702999,27.13037267436267,0.0,-476.916798081154,35.00193344502154,t2d,Direct PPO,6,900102,1000186,0.1215201019999767
77.50865051903114,60.89965397923876,0.0,0.0,22.491349480968857,142.64933675950186,53.20637838476147,37.29872118120269,62.346630423936645,27.183642665560825,0.0,-653.0381259749846,34.74758064528714,t2d,Direct PPO,7,900119,1000217,0.1210138940000433
92.73356401384083,79.58477508650519,0.0,0.0,7.26643598615917,124.60162938769535,33.65871715847335,27.013063411670927,36.63600306188759,26.21064154045887,0.0,-215.85025583647004,21.733876460293263,t2d,Direct PPO,8,900136,1000248,0.117874051000399
85.81314878892734,70.58823529411765,0.0,0.0,14.186851211072666,128.30912746458057,36.266907089356046,28.26525891493373,40.57045140110658,26.296151847183157,0.0,-247.8312515322258,30.62719786031333,t2d,Direct PPO,9,900153,1000279,0.1232620929999939
80.27681660899654,69.20415224913495,0.0,0.0,19.72318339100346,139.62562478849648,44.14559370806773,31.61711453391098,53.10148509814756,27.731245600359955,0.0,-459.3710256957909,30.37777587315827,t2d,Direct PPO,10,900170,1000310,0.1240780959997209
86.159169550173,65.05190311418684,0.0,0.0,13.84083044982699,133.5417661513644,33.096659716738536,24.783751683518062,40.56862537694235,27.742443972680952,0.0,-241.79347855947688,24.955300965120426,t2d,Direct PPO,11,900187,1000341,0.1214323819999663
82.35294117647058,67.1280276816609,0.0,0.0,17.647058823529413,134.89248419256302,37.46307527398253,27.77254455519025,44.92506470924274,27.20512935144172,0.0,-302.49061851440376,24.59410730740333,t2d,Direct PPO,12,900204,1000372,0.1221929129997079
93.77162629757784,73.35640138408304,0.0,0.0,6.228373702422145,125.62006981418124,37.78965209734732,30.082495697738626,40.83017279106646,25.031190473752304,0.0,-269.3903692997823,27.346369270752103,t2d,Direct PPO,13,900221,1000403,0.1181075980002788
79.23875432525952,64.3598615916955,0.0,0.0,20.761245674740483,141.32124303822434,49.424576842484,34.97321123131907,58.44105154025186,27.60486049495912,0.0,-576.161683973543,33.95334697017522,t2d,Direct PPO,14,900238,1000434,0.119152803000361
89.61937716262976,76.47058823529412,0.0,0.0,10.38062283737024,121.46187671356036,39.05600755966462,32.15495150940994,40.63826080724388,26.534518309724223,0.0,-258.7106062810879,29.5570698961849,t2d,Direct PPO,15,900255,1000465,0.1263155130000086
79.23875432525952,50.51903114186851,0.0,0.0,20.761245674740483,142.92687972765142,39.210069384716334,27.433656607792397,51.14967374628671,27.657931493944865,0.0,-391.4294061096869,26.914406077170927,t2d,Direct PPO,16,900272,1000496,0.1209779769997112
90.65743944636678,73.70242214532871,0.0,0.0,9.342560553633218,125.89093752866177,28.946875490438917,22.99361340751676,32.977933736023566,26.339154694506394,0.0,-157.32998002338292,24.316580052979557,t2d,Direct PPO,17,900289,1000527,0.1226661359996796
87.88927335640139,69.8961937716263,0.0,0.0,12.110726643598616,128.71821448915594,34.414647190328346,26.73642368868289,39.12341160904315,26.81678394080692,0.0,-230.1935063791613,24.457819702343823,t2d,Direct PPO,18,900306,1000558,0.1186865290001151
74.74048442906575,52.24913494809689,0.0,0.0,25.25951557093425,147.40188392105378,40.8873074455604,27.738660021101914,55.36143200010252,27.8524083479573,0.0,-468.15180791104046,30.51769381935286,t2d,Direct PPO,19,900323,1000589,0.1187469400001646
89.27335640138409,69.55017301038062,0.0,0.0,10.726643598615915,129.98640092593666,31.749856929962338,24.425521980605257,37.47027572549688,27.02600014975174,0.0,-206.4562291646644,25.463117013534724,t2d,Direct PPO,20,900340,1000620,0.1224518179997176
87.19723183391004,64.01384083044984,0.0,0.0,12.802768166089963,132.83547475045262,36.18109493610942,27.23752446707473,42.73173151455789,26.330099978369788,0.0,-272.4616029319175,28.30937922101311,t2d,Direct PPO,21,900357,1000651,0.1216448479999598
95.8477508650519,82.35294117647058,0.0,0.0,4.1522491349480966,117.5628651262175,25.38979916398299,21.596784951373944,26.450108424911363,26.04117896190191,0.0,-102.63546698804016,18.52349365438005,t2d,Direct PPO,22,900374,1000682,0.1223116589999335
86.85121107266436,70.58823529411765,0.0,0.0,13.14878892733564,128.9587907730913,36.18118629375529,28.056393888973176,40.79196375150761,26.108374368784133,0.0,-250.66915583326323,26.067515583222825,t2d,Direct PPO,23,900391,1000713,0.123212267999861
86.159169550173,70.24221453287197,0.0,0.0,13.84083044982699,126.63126480390946,38.99013308113832,30.790289539881925,42.32693153999071,27.226630434731835,0.0,-273.06317286425025,30.773470595883683,t2d,Direct PPO,24,900408,1000744,0.1183790179998141
91.34948096885812,75.77854671280276,0.0,0.0,8.650519031141869,121.79952247179862,32.411879112142145,26.61084251758604,34.44014498458558,25.350398810403096,0.0,-174.592902574513,24.317667906623825,t2d,Direct PPO,25,900425,1000775,0.1237435879997974
78.20069204152249,55.70934256055363,0.0,0.0,21.79930795847751,142.272119804161,42.17357001317896,29.64289143314326,53.04663386514307,27.45284581409256,0.0,-430.8499195195766,31.00421451782108,t2d,Direct PPO,26,900442,1000806,0.1258651829998598
73.35640138408304,52.94117647058824,0.0,0.0,26.643598615916957,155.5923974712893,63.85125885587183,41.03751847364778,78.36799573905274,27.22902311515257,0.0,-1109.1718544263176,39.59572719907344,t2d,Direct PPO,27,900459,1000837,0.1191544450002766
84.77508650519032,74.0484429065744,0.0,0.0,15.22491349480969,128.3772924737779,39.69040605020764,30.916998859681293,43.676106145227045,26.708660230890636,0.0,-298.2209599900788,25.70484202452208,t2d,Direct PPO,28,900476,1000868,0.1240349720001177
93.77162629757784,76.8166089965398,0.0,0.0,6.228373702422145,120.7744324360506,27.439446396730865,22.719582152671183,29.434781164901363,24.94854951751009,0.0,-124.26055670741634,23.355783554910328,t2d,Direct PPO,29,900493,1000899,0.1164741699999467
96.88581314878893,78.20069204152249,0.0,0.0,3.1141868512110724,120.03205440359577,28.09532420425925,23.406517820474463,29.78687718380374,31.95680027881628,0.0,-127.24146529006867,13.910056630624617,t2d,PPO-PID,0,900000,1000000,0.1182011079999938
86.50519031141869,74.0484429065744,0.0,0.0,13.494809688581316,132.52459026221285,35.144837081185,26.519483675933287,41.69223946233775,46.0648374953459,0.0,-268.0774530465825,20.00456997991758,t2d,PPO-PID,1,900017,1000031,0.1217295639999065
85.46712802768167,70.58823529411765,0.0,0.0,14.53287197231834,131.01459754605992,37.71244586822577,28.7849190659594,43.11520239138996,43.44621395781699,0.0,-287.5769701734112,23.15340250313976,t2d,PPO-PID,2,900034,1000062,0.1211240479997286
86.50519031141869,76.12456747404845,0.0,0.0,13.494809688581316,122.7440973948676,36.956262648843584,30.108382751763077,39.03141729072678,38.81131121798561,0.0,-226.8616221441692,19.33756401932993,t2d,PPO-PID,3,900051,1000093,0.1190984019999632
91.34948096885812,81.66089965397923,0.0,0.0,8.650519031141869,122.78086758879206,36.48534175696415,29.71582012203885,38.59954118523586,23.311314431540737,0.0,-241.7726247921273,18.034288126589264,t2d,PPO-PID,4,900068,1000124,0.1210271700001612
76.8166089965398,61.93771626297578,0.0,0.0,23.18339100346021,144.8934517514068,41.41355423563176,28.5820744381774,54.09899174773375,51.54369181394027,0.0,-460.04814705326527,23.6233844133109,t2d,PPO-PID,5,900085,1000155,0.1208557750001091
83.04498269896193,71.280276816609,0.0,0.0,16.955017301038062,134.4348676639103,38.5861309767553,28.702472540993867,45.615791067492445,44.54383291912607,0.0,-322.8500590502888,24.249743998457088,t2d,PPO-PID,6,900102,1000186,0.1226507630003652
83.39100346020761,74.0484429065744,0.0,0.0,16.608996539792386,132.01108708363947,44.38358051728354,33.621100695249204,49.472961337299424,43.857547710896256,0.0,-397.0642924885655,19.243633075391138,t2d,PPO-PID,7,900119,1000217,0.121880739000062
94.11764705882352,81.31487889273356,0.0,0.0,5.88235294117647,123.30455774694192,30.71088470267713,24.90652840725086,33.42014620033394,28.376858636275774,0.0,-178.24932869901323,17.271374761527937,t2d,PPO-PID,8,900136,1000248,0.1197300509998058
88.58131487889274,78.89273356401384,0.0,0.0,11.418685121107266,125.26527229924368,32.81699662244193,26.19800046739695,36.14218196060076,34.90576851153226,0.0,-195.84009168956,24.546247148895315,t2d,PPO-PID,9,900153,1000279,0.1257009990004007
85.12110726643598,75.77854671280276,0.0,0.0,14.878892733564014,128.64543995971204,38.63374936993103,30.03118445708607,42.83753530948934,48.68716258713116,0.0,-286.8456415060363,17.637867782056073,t2d,PPO-PID,10,900170,1000310,0.1230749840001408
91.00346020761243,75.77854671280276,0.0,0.0,8.996539792387544,124.72567638556062,28.90701855774056,23.176477687225518,32.39706565459002,46.43092093433305,0.0,-152.5606291450424,15.078366296685186,t2d,PPO-PID,11,900187,1000341,0.1242323360002046
87.88927335640139,76.12456747404845,0.0,0.0,12.110726643598616,125.18431681756012,32.03924344595092,25.593656026931832,35.405150039094586,45.61584528456696,0.0,-183.331417106686,13.451973364342004,t2d,PPO-PID,12,900204,1000372,0.1235480579998693
94.80968858131487,76.12456747404845,0.0,0.0,5.190311418685121,124.4635935564487,32.90393350030082,26.43659287033016,35.89036248628793,26.33747467951084,0.0,-203.1578887654084,21.87682162306487,t2d,PPO-PID,13,900221,1000403,0.1219079249999595
85.12110726643598,73.01038062283737,0.0,0.0,14.878892733564014,131.26372279147756,44.85396667305847,34.17087807597261,49.568767551358526,41.44350958847348,0.0,-402.7044542374572,21.007618747467408,t2d,PPO-PID,14,900238,1000434,0.1210449059999518
91.00346020761243,79.58477508650519,0.0,0.0,8.996539792387544,119.7827263136836,35.70644245731854,29.809341927826488,36.96268625623272,31.12607218442321,0.0,-211.5723737126865,23.7248370453841,t2d,PPO-PID,15,900255,1000465,0.1227660550002838
93.07958477508652,70.58823529411765,0.0,0.0,6.920415224913495,129.41597676811833,28.37663667524297,21.92668740281344,34.342792369596445,49.77938438145537,0.0,-170.44496850055947,10.115605814792026,t2d,PPO-PID,16,900272,1000496,0.1222203340003034
94.80968858131487,77.16262975778547,0.0,0.0,5.190311418685121,123.160676555708,26.944246740809675,21.877313030691468,29.94467824659861,35.02634038251641,0.0,-129.54181616697346,20.02981091560428,t2d,PPO-PID,17,900289,1000527,0.123736067000209
92.73356401384083,81.66089965397923,0.0,0.0,7.26643598615917,123.45302675468864,29.9754877896986,24.28088527085072,32.80860705977423,36.08071543778095,0.0,-160.9670954862302,16.116938251055924,t2d,PPO-PID,18,900306,1000558,0.1201718379998055
85.12110726643598,62.28373702422145,0.0,0.0,14.878892733564014,136.7786386435311,33.002925899509435,24.128713538026062,42.45609227438669,52.81038775520391,0.0,-266.5929667306227,16.580005196013573,t2d,PPO-PID,19,900323,1000589,0.1183127039998908
93.07958477508652,78.20069204152249,0.0,0.0,6.920415224913495,123.92118371886671,28.752101821658407,23.201926384827587,31.900191523641123,38.89075994875638,0.0,-148.21120431560325,18.277423431610227,t2d,PPO-PID,20,900340,1000620,0.1215915079997103
90.65743944636678,69.55017301038062,0.0,0.0,9.342560553633218,129.07620710889915,31.17628505098435,24.15339414543031,36.50341410412372,36.25194989426154,0.0,-196.6184569481823,21.393565279814947,t2d,PPO-PID,21,900357,1000651,0.1229100189998462
96.53979238754326,84.77508650519032,0.0,0.0,3.460207612456748,115.8593999827125,24.14537183950572,20.840235529537072,24.80552865617601,29.733584689473982,0.0,-90.39743699782608,15.52999532571992,t2d,PPO-PID,22,900374,1000682,0.121775191999859
91.00346020761243,76.47058823529412,0.0,0.0,8.996539792387544,124.6107964042762,30.90632374574105,24.802284101829606,34.13753104429058,34.36513674962531,0.0,-173.61564545411804,18.33861207911337,t2d,PPO-PID,23,900391,1000713,0.1231173679998391
89.96539792387543,76.12456747404845,0.0,0.0,10.034602076124568,121.1198806586034,35.24596766248661,29.100068024202614,36.90029053701378,41.23880015513763,0.0,-205.35785638320075,23.00200339327896,t2d,PPO-PID,24,900408,1000744,0.1176261219998195
92.04152249134948,79.58477508650519,0.0,0.0,7.958477508650519,121.25116346171612,30.305780795286623,24.99421855432784,32.27771730722148,27.78561863851296,0.0,-153.67998948274578,20.91694565612227,t2d,PPO-PID,25,900425,1000775,0.1225349710002774
85.81314878892734,67.82006920415225,0.0,0.0,14.186851211072666,132.01374307988553,34.090516787010415,25.82346049106509,40.530814114382586,48.1121212512882,0.0,-244.1879168877388,17.41140036729405,t2d,PPO-PID,26,900442,1000806,0.1252478450001035
79.23875432525952,64.70588235294117,0.0,0.0,20.761245674740483,142.74243197113617,53.53722501838563,37.50617407808446,62.67681826438643,44.02449097012682,0.0,-681.8578346633443,20.704040396749267,t2d,PPO-PID,27,900459,1000837,0.1206202050002502
87.5432525951557,78.54671280276817,0.0,0.0,12.45674740484429,125.23091074471422,36.73873997133178,29.336798521113096,39.71202958074522,33.01479531052529,0.0,-244.8670472254,19.445285704685705,t2d,PPO-PID,28,900476,1000868,0.1213922619999721
93.77162629757784,79.93079584775087,0.0,0.0,6.228373702422145,121.34604979392398,25.44615573422116,20.96990860224549,27.820840739881373,24.650692262207645,0.0,-111.38550789891428,21.665123111383163,t2d,PPO-PID,29,900493,1000899,0.1174528650003594
94.4636678200692,77.16262975778547,0.0,0.0,5.536332179930796,123.81156193332488,26.269848493477674,21.21760527310409,29.639100467828086,26.80888731086163,0.0,-126.62877046964172,13.70106411293994,t2d,ADMM-PID,0,900000,1000000,1.370097208000061
86.50519031141869,69.8961937716263,0.0,0.0,13.494809688581316,135.87021645358084,36.66593084135469,26.9859957527052,44.821944554310406,38.68459331296713,0.0,-316.4669572292084,22.31628555179009,t2d,ADMM-PID,1,900017,1000031,1.3717212679998738
84.42906574394463,68.85813148788927,0.0,0.0,15.570934256055365,134.60115471691356,40.72598882494836,30.25679007776808,47.51929984221645,37.06798701934123,0.0,-360.4299012934543,26.154064574783003,t2d,ADMM-PID,2,900034,1000062,1.374922432999938
84.42906574394463,75.4325259515571,0.0,0.0,15.570934256055365,127.5141683281056,38.17114778686808,29.93482864480615,41.93734572814975,31.542755236278005,0.0,-269.67094510804566,20.11475569862032,t2d,ADMM-PID,3,900051,1000093,1.3779451460000018
91.34948096885812,81.66089965397923,0.0,0.0,8.650519031141869,123.50538685627288,36.55630149267089,29.59895306851077,38.9118819760272,22.347773116840244,0.0,-247.52139815961047,18.32369333531492,t2d,ADMM-PID,4,900068,1000124,1.3873841760000687
76.12456747404845,61.5916955017301,0.0,0.0,23.87543252595156,146.96176421692527,42.46080914189477,28.892419309297217,56.239255404213445,44.00616312789467,0.0,-501.3712061425339,25.3403452198137,t2d,ADMM-PID,5,900085,1000155,1.4475478509998538
81.31487889273356,69.8961937716263,0.0,0.0,18.68512110726644,137.66120350090085,39.821362512919215,28.927077128639684,48.42928967811893,37.31491428814508,0.0,-369.42160095100735,26.45715983356424,t2d,ADMM-PID,6,900102,1000186,1.4302030009998816
82.69896193771626,73.70242214532871,0.0,0.0,17.301038062283737,135.7282912601706,45.879761184511466,33.80265142848288,52.53202723005133,36.8551331484099,0.0,-458.57352345940313,21.498871375932016,t2d,ADMM-PID,7,900119,1000217,1.4148808799996004
94.11764705882352,79.93079584775087,0.0,0.0,5.88235294117647,124.533367978753,30.8580313839254,24.77892623059081,34.06085749618974,24.838950175422458,0.0,-185.32014498081583,18.041471369240277,t2d,ADMM-PID,8,900136,1000248,1.3925334430000476
88.23529411764706,75.77854671280276,0.0,0.0,11.76470588235294,127.14846128613864,33.05659491852359,25.998423090730174,37.18907218694109,31.19761655038261,0.0,-208.5146608714249,25.363815088240116,t2d,ADMM-PID,9,900153,1000279,1.3875933869999244
84.08304498269896,75.08650519031141,0.0,0.0,15.91695501730104,132.5852347802439,41.56014003606899,31.345979139346625,47.2372886898582,40.67391818304728,0.0,-362.0094066026625,20.851027816320883,t2d,ADMM-PID,10,900170,1000310,1.4070673620003618
88.92733564013841,73.70242214532871,0.0,0.0,11.072664359861593,128.593758044573,29.84385666650728,23.207857924303635,35.118396390475894,38.42375466788658,0.0,-181.4529132989661,16.96842848196107,t2d,ADMM-PID,11,900187,1000341,1.4177668009997433
86.159169550173,74.74048442906575,0.0,0.0,13.84083044982699,128.77833023671712,34.28758208072077,26.62527307016187,39.04095309899998,38.26381117497085,0.0,-227.60082331042176,16.414535094632978,t2d,ADMM-PID,12,900204,1000372,1.5162296720000086
94.80968858131487,76.47058823529412,0.0,0.0,5.190311418685121,126.42066253862828,33.718677470322305,26.67180885879272,37.45201314005042,22.081470778382297,0.0,-227.01744422855265,23.43927210124649,t2d,ADMM-PID,13,900221,1000403,1.444056244999956
82.69896193771626,71.62629757785467,0.0,0.0,17.301038062283737,135.1566073601257,47.282441256914936,34.9834478538889,53.48596454894932,33.9850023018399,0.0,-483.5728171958537,23.218678130858365,t2d,ADMM-PID,14,900238,1000434,1.487363937000282
91.00346020761243,79.58477508650519,0.0,0.0,8.996539792387544,121.50225731308664,35.70375064090999,29.38525705650774,37.45195330616454,27.7676834770587,0.0,-219.68571684112447,24.32586907710392,t2d,ADMM-PID,15,900255,1000465,1.4702401509998708
90.3114186851211,65.39792387543253,0.0,0.0,9.688581314878892,132.9220010331466,28.924704684682357,21.760659980938325,36.866810675875975,43.33855840131521,0.0,-197.638617414481,11.718369077266924,t2d,ADMM-PID,16,900272,1000496,1.436356566000086
94.4636678200692,77.16262975778547,0.0,0.0,5.536332179930796,125.20336300999496,26.356095438711183,21.05062899676839,30.387207866771785,29.319564306293717,0.0,-134.17896852460464,20.80862329774737,t2d,ADMM-PID,17,900289,1000527,1.4393294259998584
90.3114186851211,79.58477508650519,0.0,0.0,9.688581314878892,127.5316659965051,29.85119132077183,23.4068857232602,34.57411700887946,30.100613043372352,0.0,-180.6090750837722,17.17435959198537,t2d,ADMM-PID,18,900306,1000558,1.4123343930000374
84.08304498269896,61.5916955017301,0.0,0.0,15.91695501730104,139.42951850950328,35.050494570896,25.13850362934949,45.72070357834564,46.26381452723139,0.0,-314.8098419937111,19.16778702763242,t2d,ADMM-PID,19,900323,1000589,1.4530934960002924
91.34948096885812,73.35640138408304,0.0,0.0,8.650519031141869,127.93563440808995,30.146114018370543,23.563500628925844,35.033278125443736,32.04459197217264,0.0,-181.06216397646563,19.85878605372164,t2d,ADMM-PID,20,900340,1000620,1.4240381949998664
89.96539792387543,68.85813148788927,0.0,0.0,10.034602076124568,131.81213361329904,31.23399811607716,23.695844426363067,38.05201915551913,29.28309867865118,0.0,-216.42140650872875,23.064869672419015,t2d,ADMM-PID,21,900357,1000651,1.4321701009998833
96.53979238754326,84.42906574394463,0.0,0.0,3.460207612456748,118.40887210134244,24.285138185703836,20.509559591885097,25.66001455984228,25.11123957512904,0.0,-96.79194394145117,16.62818547408867,t2d,ADMM-PID,22,900374,1000682,1.3970003540002836
89.96539792387543,76.12456747404845,0.0,0.0,10.034602076124568,127.07351314874444,31.88981387650242,25.09556325807579,36.124038904752815,29.01907130735127,0.0,-196.44717589429405,20.092619460338764,t2d,ADMM-PID,23,900391,1000713,1.385305365000022
88.58131487889274,74.0484429065744,0.0,0.0,11.418685121107266,124.39263673308808,36.98591253181915,29.73320085752391,39.627923238616006,34.586015644049084,0.0,-241.801091587415,25.134943763497528,t2d,ADMM-PID,24,900408,1000744,1.4098332400003528
91.6955017301038,79.93079584775087,0.0,0.0,8.304498269896193,122.80143604559284,30.17614363011092,24.573119502370748,32.73110974887783,24.20805726332748,0.0,-159.12904422205722,21.607493805713084,t2d,ADMM-PID,25,900425,1000775,1.4169773170001465
84.77508650519032,66.08996539792388,0.0,0.0,15.22491349480969,135.481362776306,34.61468033711125,25.54940371707342,42.93401921243433,41.01059991622703,0.0,-278.5308217215221,19.600321607619023,t2d,ADMM-PID,26,900442,1000806,1.468063083999823
78.89273356401384,64.01384083044984,0.0,0.0,21.10726643598616,146.3860089731369,55.58892054687728,37.97420322940721,66.35794791754918,37.38537704640309,0.0,-779.3507808359986,23.34138436578188,t2d,ADMM-PID,27,900459,1000837,1.4560187769998263
86.50519031141869,78.89273356401384,0.0,0.0,13.494809688581316,127.90640669961957,37.414465240288926,29.25143955310584,41.42025911846036,27.416196333971573,0.0,-269.58459015352804,20.911535921156812,t2d,ADMM-PID,28,900476,1000868,1.408921237999948
93.77162629757784,80.27681660899654,0.0,0.0,6.228373702422145,122.75340579870782,24.8882434660998,20.27499221236417,27.927239110959626,20.79805381587612,0.0,-112.50532815975944,22.28911409939135,t2d,ADMM-PID,29,900493,1000899,1.3866796289999002
96.53979238754326,81.31487889273356,0.0,0.0,3.4602076124567476,118.14870455065882,25.896114504333173,21.918238209061066,27.105159781600907,33.393253651718325,0.0,-106.4526664069945,11.594186123795918,t2d,RSP-ADMM-PID (proposed),0,900000,1000000,3.909416168000007
88.92733564013841,75.08650519031141,0.0,0.0,11.072664359861593,129.73751593874002,34.78601333204792,26.812609352312034,39.9430742041855,53.48081555309018,0.0,-244.99705890981292,18.335481704943287,t2d,RSP-ADMM-PID (proposed),1,900017,1000031,3.98581008400015
86.85121107266436,73.01038062283737,0.0,0.0,13.148788927335639,128.8531896166235,37.19530272259749,28.86641986377253,41.64308032352736,48.323532155917896,0.0,-268.2752427648304,21.376159657696327,t2d,RSP-ADMM-PID (proposed),2,900034,1000062,4.022313052999834
86.85121107266436,76.8166089965398,0.0,0.0,13.148788927335639,122.1084391240928,36.78266876850563,30.12295385343941,38.66390410868943,39.030708554386194,0.0,-223.29430424575762,17.558474470962302,t2d,RSP-ADMM-PID (proposed),3,900051,1000093,3.898448860999906
92.04152249134948,84.08304498269896,0.0,0.0,7.958477508650519,120.04604019147234,34.83275716868653,29.016165058946214,36.194551427497856,25.92526965993277,0.0,-209.8640723197089,14.890772863504175,t2d,RSP-ADMM-PID (proposed),4,900068,1000124,3.971703072999844
77.50865051903114,62.9757785467128,0.0,0.0,22.491349480968857,142.99342286540536,40.71962082613972,28.476569068821895,52.35375961228042,58.82205396043442,0.0,-427.92652875991297,22.095327042132496,t2d,RSP-ADMM-PID (proposed),5,900085,1000155,4.0181036300000414
83.04498269896193,71.97231833910035,0.0,0.0,16.955017301038062,133.65640170045975,38.98292367022517,29.166521898135965,45.54157783104335,46.549932910290295,0.0,-323.55319925129567,23.729434897020038,t2d,RSP-ADMM-PID (proposed),6,900102,1000186,3.971313289999671
83.73702422145328,74.39446366782006,0.0,0.0,16.26297577854671,131.33317246650665,44.05173260750117,33.541969466042936,48.87683162318193,45.82821515828017,0.0,-389.3716605571097,18.23092663545556,t2d,RSP-ADMM-PID (proposed),7,900119,1000217,3.846313974000168
94.11764705882352,82.69896193771626,0.0,0.0,5.88235294117647,121.02537299157785,30.093054298061176,24.865078746880084,32.00026922612586,33.545599907677605,0.0,-162.11660107866118,15.155588522699295,t2d,RSP-ADMM-PID (proposed),8,900136,1000248,3.8247436820001894
89.27335640138409,78.20069204152249,0.0,0.0,10.726643598615917,126.18329500491497,31.343893684656287,24.839970840383753,35.22696784143759,34.36189085963402,0.0,-186.36458779697924,23.137314755207335,t2d,RSP-ADMM-PID (proposed),9,900153,1000279,3.833394084000247
85.46712802768167,76.47058823529412,0.0,0.0,14.53287197231834,126.33537224909423,38.366237089792634,30.36856298182768,41.6379540750283,54.15474546159178,0.0,-269.4876817416932,16.45528269142892,t2d,RSP-ADMM-PID (proposed),10,900170,1000310,3.8763062680000075
92.38754325259517,77.16262975778547,0.0,0.0,7.612456747404845,122.13155613870452,28.79055171754783,23.573393009788944,31.196191606576818,52.62145644237782,0.0,-141.18982913424597,13.652514439535546,t2d,RSP-ADMM-PID (proposed),11,900187,1000341,3.9858035090001067
88.58131487889274,76.12456747404845,0.0,0.0,11.418685121107266,124.29704693433861,32.00129586845128,25.745821528130385,34.99921354441472,48.14160302525622,0.0,-179.56650437197914,12.616321750062228,t2d,RSP-ADMM-PID (proposed),12,900204,1000372,3.9228658100000757
95.15570934256056,79.93079584775087,0.0,0.0,4.844290657439446,122.07885099764763,31.319705460327402,25.655308191695635,33.51758331123506,30.523699931665817,0.0,-177.31368344092814,19.05290247626694,t2d,RSP-ADMM-PID (proposed),13,900221,1000403,3.9182144790001985
84.77508650519032,73.35640138408304,0.0,0.0,15.22491349480969,130.5650400842934,44.92733784483575,34.40992919377993,49.339662029254264,41.82177396349804,0.0,-400.9899749731119,19.933367367380175,t2d,RSP-ADMM-PID (proposed),14,900238,1000434,3.8164155889999165
91.34948096885813,80.96885813148789,0.0,0.0,8.650519031141869,117.86170677202416,35.18025030960466,29.848753486705064,35.98852482699425,34.752577053045066,0.0,-199.249646661209,21.958456350951955,t2d,RSP-ADMM-PID (proposed),15,900255,1000465,3.9015193160003037
95.50173010380622,73.35640138408304,0.0,0.0,4.498269896193772,124.56857526396965,27.42842397988845,22.018734598004087,31.015458230411465,60.056594908396974,0.0,-139.24115951600976,9.211904027800244,t2d,RSP-ADMM-PID (proposed),16,900272,1000496,3.8801720720002777
95.15570934256056,77.85467128027682,0.0,0.0,4.844290657439446,122.62995822373217,26.60843776442801,21.698154472076276,29.412156449377648,36.66861771182568,0.0,-125.89188629122495,18.875294585241576,t2d,RSP-ADMM-PID (proposed),17,900289,1000527,3.850479200999871
93.07958477508652,82.00692041522491,0.0,0.0,6.920415224913495,123.45888609226989,28.785511142640907,23.315868183945366,31.731374363615476,36.69165459289663,0.0,-150.85950767865,13.939427994018443,t2d,RSP-ADMM-PID (proposed),18,900306,1000558,3.848808842999915
88.92733564013841,65.05190311418684,0.0,0.0,11.072664359861593,132.7564636808935,31.77968909635189,23.938336571498834,39.042421112829864,63.666361868275644,0.0,-223.92627129681642,13.650458744722933,t2d,RSP-ADMM-PID (proposed),19,900323,1000589,3.9019483829997625
92.73356401384083,79.23875432525952,0.0,0.0,7.26643598615917,122.31201057214503,28.834230675732055,23.574324827833937,31.306893839653025,42.08275998373047,0.0,-143.08860135212296,16.695052315442236,t2d,RSP-ADMM-PID (proposed),20,900340,1000620,3.9215534739996656
91.00346020761245,72.66435986159169,0.0,0.0,8.996539792387544,126.44994239516593,30.525695852211474,24.140537570840713,34.62938676843451,44.07103099837482,0.0,-176.7957208331384,19.05950320373169,t2d,RSP-ADMM-PID (proposed),21,900357,1000651,3.9129425010000887
96.88581314878893,86.50519031141869,0.0,0.0,3.1141868512110724,114.62564388440713,23.291380592969364,20.319519964011963,23.706705143191147,32.188112970932046,0.0,-82.15314833659465,13.6313816030235,t2d,RSP-ADMM-PID (proposed),22,900374,1000682,3.9533803750000516
91.6955017301038,78.20069204152249,0.0,0.0,8.304498269896193,122.2068918159463,29.93014522378289,24.49137260512293,32.275719975063396,39.989517135564995,0.0,-153.99789734657202,15.872598853938163,t2d,RSP-ADMM-PID (proposed),23,900391,1000713,3.8683044039999004
90.3114186851211,77.16262975778547,0.0,0.0,9.688581314878892,119.41119691373069,35.19822790025764,29.476488645940634,36.37580199387402,45.62699095249849,0.0,-199.5415750166541,21.624601238194835,t2d,RSP-ADMM-PID (proposed),24,900408,1000744,3.845953844000178
92.38754325259517,80.96885813148789,0.0,0.0,7.612456747404845,120.63907852789349,29.371142584403007,24.34629221542999,31.190848209665475,29.514474269966527,0.0,-143.9025845320126,19.16413569373851,t2d,RSP-ADMM-PID (proposed),25,900425,1000775,3.957994085000337
87.19723183391004,70.24221453287197,0.0,0.0,12.802768166089965,129.2587732206554,33.23117507281744,25.70902867543782,38.35870432336714,54.79949615203723,0.0,-217.9994951059051,15.328553441831446,t2d,RSP-ADMM-PID (proposed),26,900442,1000806,3.8438991729999543
81.31487889273356,66.78200692041523,0.0,0.0,18.685121107266436,141.0746540585187,53.49139130499233,37.917081322633436,61.78237836476948,47.350272151142704,0.0,-666.6499673853948,19.793394177970157,t2d,RSP-ADMM-PID (proposed),27,900459,1000837,3.934262996000143
87.19723183391004,79.23875432525952,0.0,0.0,12.802768166089965,126.09777384156044,36.0305854945522,28.573530203494297,39.40620968218071,31.22653363979677,0.0,-241.8462681059059,18.665101112704654,t2d,RSP-ADMM-PID (proposed),28,900476,1000868,3.9552954029995817
95.50173010380622,81.66089965397923,0.0,0.0,4.498269896193772,120.02040348894765,24.459754133779846,20.379663309524098,26.393519788688213,28.286790651789723,0.0,-100.55838456758762,19.619749154683287,t2d,RSP-ADMM-PID (proposed),29,900493,1000899,4.006327200000214
